日期,收支类型,类别,金额,备注
2021年01月01日,支出,住房,6339.2,房贷
2021年01月01日,支出,交通,18,深圳停车
2021年01月01日,支出,零食,15,糖葫芦
2021年01月01日,支出,烟酒,15,
2021年01月01日,收入,其它,1040,老吴520×2
2021年01月02日,支出,餐饮,8.5,
2021年01月02日,支出,份子钱,299,康雪
2021年01月02日,支出,零食,10,臭豆腐
2021年01月02日,支出,居家,40.5,收纳盒
2021年01月02日,支出,零食,10.98,奶茶
2021年01月02日,支出,交通,24,深圳停车
2021年01月02日,支出,交通,30,深圳停车
2021年01月03日,支出,居家,46.46,拖鞋
2021年01月03日,支出,交通,15,
2021年01月03日,支出,交通,292.81,油
2021年01月03日,支出,餐饮,19,
2021年01月03日,支出,通讯,30,李
2021年01月03日,支出,住房,270.15,物业费
2021年01月03日,支出,交通,1760,东方国际停车场
2021年01月04日,支出,餐饮,8,
2021年01月04日,支出,交通,15,停车
2021年01月04日,支出,餐饮,12,
2021年01月04日,支出,餐饮,15,
2021年01月05日,支出,交通,7.5,停车
2021年01月05日,支出,餐饮,4,
2021年01月05日,支出,餐饮,13.3,
2021年01月05日,支出,餐饮,35,
2021年01月05日,支出,餐饮,10,
2021年01月05日,支出,餐饮,18,卢
2021年01月06日,支出,餐饮,8,
2021年01月06日,支出,交通,7.5,停车
2021年01月06日,支出,餐饮,25,卢
2021年01月06日,支出,餐饮,12.8,
2021年01月06日,支出,餐饮,8,
2021年01月07日,支出,交通,7.5,停车
2021年01月07日,支出,餐饮,4,
2021年01月07日,支出,餐饮,16.7,
2021年01月07日,支出,餐饮,10,
2021年01月07日,支出,交通,11.76,加班打车
2021年01月07日,支出,餐饮,14.38,卢
2021年01月07日,支出,餐饮,26.7,卢
2021年01月08日,支出,餐饮,8,
2021年01月08日,支出,餐饮,34.4,
2021年01月08日,收入,兼职,8655,
2021年01月08日,支出,餐饮,93.5,美团买菜
2021年01月08日,支出,餐饮,10,
2021年01月08日,收入,工资,14884.17,
2021年01月08日,支出,餐饮,58.2,菜
2021年01月08日,支出,餐饮,15.05,卢
2021年01月08日,支出,交通,7.5,停车
2021年01月08日,支出,维修,64.6,暖风机
2021年01月08日,支出,居家,494,索菲亚层板
2021年01月09日,支出,交通,10,停车
2021年01月09日,支出,大餐,200,卡朋会员
2021年01月09日,支出,餐饮,22,
2021年01月09日,支出,大餐,75,卡朋
2021年01月10日,支出,娱乐,6,Steam
2021年01月10日,支出,交通,6,地铁
2021年01月11日,支出,交通,30,停车
2021年01月11日,支出,餐饮,8,
2021年01月11日,支出,餐饮,10.5,
2021年01月11日,支出,餐饮,12,
2021年01月11日,支出,餐饮,56.14,蛋挞
2021年01月12日,支出,餐饮,4,
2021年01月12日,支出,交通,7.5,停车
2021年01月12日,支出,服饰,286.16,卢卫衣
2021年01月12日,支出,服饰,259.83,白色高跟
2021年01月12日,支出,社交,37.6,玉米汤
2021年01月12日,支出,餐饮,11.1,
2021年01月12日,支出,餐饮,8,
2021年01月13日,支出,餐饮,8,
2021年01月13日,支出,餐饮,13.5,
2021年01月13日,支出,餐饮,23,卢
2021年01月13日,支出,餐饮,17.8,
2021年01月13日,支出,服饰,218.95,靴子男鞋
2021年01月14日,支出,交通,7.5,停车
2021年01月14日,支出,餐饮,15,
2021年01月14日,支出,餐饮,4,
2021年01月14日,支出,餐饮,17,
2021年01月14日,支出,餐饮,17,卢
2021年01月14日,支出,餐饮,28.8,卢
2021年01月15日,支出,餐饮,6.8,
2021年01月15日,支出,交通,7.5,停车
2021年01月15日,收入,二手,42,书包
2021年01月15日,支出,餐饮,20,
2021年01月15日,支出,餐饮,65,卢
2021年01月15日,支出,零食,12.92,咖啡
2021年01月15日,支出,餐饮,12,
2021年01月15日,支出,美容,282,洗面奶
2021年01月15日,支出,餐饮,10.9,地瓜
2021年01月15日,支出,日常洗护,55.19,洗面奶
2021年01月15日,支出,餐饮,22.7,饺子
2021年01月15日,支出,餐饮,47.22,云吞
2021年01月15日,支出,餐饮,5.9,豆沙
2021年01月16日,支出,大餐,270,森藏
2021年01月16日,支出,交通,15,
2021年01月16日,支出,交通,4,停车
2021年01月16日,支出,水果,76.74,
2021年01月16日,支出,餐饮,256.2,沃尔玛
2021年01月17日,支出,交通,323.8,油
2021年01月17日,支出,交通,15,停车
2021年01月17日,支出,烟酒,195,啤酒
2021年01月17日,支出,餐饮,75.82,京东到家
2021年01月17日,支出,美容,215.29,
2021年01月17日,支出,服饰,749.36,伊芙丽
2021年01月17日,支出,服饰,116,优衣库
2021年01月17日,支出,交通,2.5,
2021年01月17日,支出,美容,443,嘉敏生日
2021年01月17日,支出,日用,25,剪头
2021年01月18日,支出,交通,12.5,
2021年01月18日,支出,餐饮,8,
2021年01月18日,支出,餐饮,16,卢
2021年01月18日,支出,餐饮,20,
2021年01月18日,支出,餐饮,13.8,
2021年01月18日,支出,日用,99.96,
2021年01月18日,支出,餐饮,10.26,酸汤肥牛
2021年01月18日,支出,交通,10,拼车
2021年01月19日,支出,餐饮,4,
2021年01月19日,支出,餐饮,14.1,
2021年01月19日,支出,餐饮,8,
2021年01月19日,支出,餐饮,13,卢
2021年01月19日,支出,交通,10,拼车
2021年01月20日,支出,餐饮,8,
2021年01月20日,支出,餐饮,15.5,
2021年01月20日,支出,餐饮,9.5,
2021年01月20日,支出,餐饮,40,卢
2021年01月20日,支出,餐饮,13,卢
2021年01月20日,收入,工资,1750,
2021年01月21日,支出,餐饮,4,
2021年01月21日,支出,餐饮,20,
2021年01月21日,支出,餐饮,15,
2021年01月21日,支出,交通,4,地铁
2021年01月22日,支出,餐饮,6.8,
2021年01月22日,支出,餐饮,59.4,
2021年01月22日,支出,餐饮,16.65,
2021年01月22日,支出,餐饮,20,
2021年01月22日,支出,交通,4,地铁
2021年01月23日,支出,汽车,2167,车贷
2021年01月23日,支出,数码,23.9,Tf
2021年01月23日,支出,美容,282.61,UNISKIN
2021年01月23日,支出,居家,71.42,戴森挂座
2021年01月23日,支出,餐饮,48,
2021年01月24日,支出,数码,65,Airpods
2021年01月24日,支出,餐饮,30.22,好利来
2021年01月24日,支出,居家,36.37,扫地机器人配件
2021年01月24日,支出,日用,116.54,太阳镜
2021年01月24日,支出,数码,100.88,显示器架
2021年01月24日,支出,烟酒,34,
2021年01月25日,支出,餐饮,6.8,
2021年01月25日,支出,交通,22.5,停车
2021年01月25日,支出,餐饮,11.5,
2021年01月25日,支出,餐饮,13.5,
2021年01月25日,支出,交通,4,
2021年01月25日,支出,餐饮,17.39,土豆粉
2021年01月25日,支出,餐饮,80.41,红肠
2021年01月25日,支出,餐饮,17,玉米汤
2021年01月25日,支出,餐饮,107.5,牛肉干
2021年01月25日,支出,餐饮,36.47,火宫殿
2021年01月25日,支出,餐饮,13.23,馄饨料
2021年01月25日,支出,宠物,64,玩具
2021年01月25日,支出,数码,17.24,音频线
2021年01月25日,支出,娱乐,276,煮糊了
2021年01月25日,支出,餐饮,39.5,卢
2021年01月25日,支出,数码,24.45,手机壳
2021年01月26日,支出,餐饮,7,
2021年01月26日,支出,交通,7.5,停车
2021年01月26日,支出,日常洗护,518.38,面膜
2021年01月26日,支出,居家,55.15,鞋架
2021年01月26日,支出,餐饮,15.8,
2021年01月26日,支出,餐饮,20,卢
2021年01月26日,支出,日常洗护,56,李相宜本草
2021年01月27日,支出,餐饮,8,
2021年01月27日,支出,数码,399,内存
2021年01月27日,支出,数码,129,散热
2021年01月27日,支出,数码,2799,板U
2021年01月27日,支出,数码,469,电源
2021年01月27日,支出,数码,199,机箱
2021年01月27日,支出,数码,989,SSD
2021年01月27日,支出,数码,8.34,系统
2021年01月27日,支出,美容,160.66,神药
2021年01月27日,支出,美容,186.3,MAC
2021年01月27日,支出,餐饮,24,
2021年01月27日,支出,餐饮,16,卢
2021年01月27日,支出,水电煤气,5.94,水
2021年01月27日,支出,水电煤气,57.12,电
2021年01月28日,支出,住房,245.6,物业费
2021年01月28日,支出,餐饮,9,
2021年01月28日,支出,餐饮,14.8,
2021年01月28日,支出,餐饮,25,卢
2021年01月28日,支出,餐饮,17,
2021年01月28日,支出,水果,45,
2021年01月29日,支出,餐饮,7,
2021年01月29日,支出,餐饮,60,卢
2021年01月29日,支出,餐饮,20,
2021年01月30日,支出,数码,4.9,理线
2021年01月30日,支出,数码,8.65,Office
2021年01月30日,支出,数码,108,鼠标
2021年01月30日,支出,数码,38.9,鼠标垫
2021年01月30日,支出,通讯,17.36,电信
2021年01月30日,支出,医疗,5,碘伏
2021年01月30日,支出,交通,10,停车
2021年01月30日,支出,交通,5,停车
2021年01月30日,支出,美容,150,美甲
2021年01月30日,支出,餐饮,2.6,菜
2021年01月30日,支出,餐饮,59.49,菜
2021年01月30日,支出,快递,16,
2021年01月31日,支出,交通,15,停车
2021年01月31日,支出,汽车,45,洗车
2021年01月31日,支出,餐饮,20.5,肉
2021年01月31日,支出,交通,322.73,油
2021年01月31日,支出,餐饮,3.89,菜
2021年01月31日,支出,大餐,87,烧烤
2021年01月31日,支出,零食,6,烤冷面
2021年01月31日,支出,居家,25,鲜花
2021年01月31日,支出,交通,2.5,停车
2021年01月31日,支出,交通,167.72,本月高速
2021年02月01日,支出,住房,6240,房贷
2021年02月01日,支出,餐饮,6.8,
2021年02月01日,支出,餐饮,12,
2021年02月01日,支出,餐饮,8,
2021年02月01日,支出,交通,7.5,
2021年02月01日,支出,餐饮,79.6,天猫超市
2021年02月02日,支出,餐饮,9,
2021年02月02日,支出,交通,7.5,停车
2021年02月02日,支出,餐饮,18.9,
2021年02月02日,支出,餐饮,15,
2021年02月02日,支出,餐饮,34,
2021年02月03日,支出,餐饮,7,
2021年02月03日,支出,餐饮,21.2,
2021年02月03日,支出,餐饮,12,
2021年02月03日,支出,交通,7.5,
2021年02月04日,支出,餐饮,9,
2021年02月04日,支出,交通,7.5,停车
2021年02月04日,支出,餐饮,11.5,
2021年02月04日,支出,水电煤气,120.75,煤气
2021年02月04日,支出,餐饮,8,
2021年02月04日,支出,交通,26.72,卢
2021年02月05日,支出,餐饮,6.8,
2021年02月05日,支出,餐饮,30.5,
2021年02月05日,支出,交通,7.5,
2021年02月05日,支出,餐饮,75.57,菜
2021年02月05日,支出,餐饮,53.45,菜
2021年02月07日,支出,交通,27.5,停车
2021年02月07日,收入,兼职,8655,
2021年02月07日,收入,兼职,8971.45,奖金
2021年02月07日,支出,餐饮,99.42,朴朴
2021年02月08日,支出,交通,7.5,停车
2021年02月08日,支出,餐饮,7,
2021年02月08日,支出,餐饮,15.8,
2021年02月08日,支出,餐饮,97.16,卢
2021年02月08日,收入,工资,14884,
2021年02月08日,收入,工资,5674,李 年终
2021年02月09日,支出,交通,7.5,停车
2021年02月09日,支出,餐饮,9,
2021年02月09日,支出,通讯,50,李
2021年02月09日,支出,通讯,179,上月电信
2021年02月09日,支出,餐饮,22,
2021年02月09日,支出,交通,50,羊城通
2021年02月09日,支出,餐饮,35.5,菜
2021年02月09日,支出,餐饮,41.74,美团买菜
2021年02月10日,支出,交通,10,拼车
2021年02月10日,支出,餐饮,9,
2021年02月10日,支出,餐饮,40.59,叮咚
2021年02月10日,支出,大餐,81,味千
2021年02月10日,支出,交通,5,地铁
2021年02月10日,支出,交通,10,停车
2021年02月10日,支出,服饰,996,歌莉娅
2021年02月10日,支出,烟酒,34,
2021年02月11日,收入,其它,668.2,卢红包
2021年02月11日,支出,长辈,5000,老卢
2021年02月11日,支出,长辈,5000,老王
2021年02月11日,支出,长辈,2000,奶奶
2021年02月12日,收入,压岁钱,2000,老吴
2021年02月12日,收入,压岁钱,2000,老吴
2021年02月12日,支出,交通,30,停车
2021年02月12日,支出,餐饮,41,果蔬
2021年02月12日,支出,娱乐,62.52,唐人街
2021年02月12日,支出,交通,12.5,停车
2021年02月13日,支出,水电煤气,154.19,电
2021年02月13日,支出,娱乐,39.25,李焕英
2021年02月13日,支出,交通,15,停车
2021年02月14日,支出,餐饮,22,
2021年02月14日,支出,交通,12.5,停车
2021年02月14日,支出,交通,10,停车
2021年02月14日,支出,餐饮,212.75,沃尔玛
2021年02月15日,支出,娱乐,31,巫师3
2021年02月15日,支出,交通,15,停车
2021年02月15日,支出,餐饮,28.9,炸鸡
2021年02月15日,支出,餐饮,75.07,叮咚买菜
2021年02月15日,支出,交通,10,停车
2021年02月15日,支出,餐饮,60.1,叮咚买菜
2021年02月16日,收入,其它,180,四毛家
2021年02月18日,支出,交通,312.4,油
2021年02月18日,支出,餐饮,7,
2021年02月18日,支出,交通,37.5,停车
2021年02月18日,支出,汽车,6242.4,保险
2021年02月18日,支出,餐饮,15.5,
2021年02月19日,支出,交通,10,停车
2021年02月19日,支出,餐饮,11.86,黑胡椒
2021年02月19日,支出,餐饮,15,
2021年02月19日,支出,餐饮,6.8,
2021年02月19日,支出,餐饮,8.5,
2021年02月19日,支出,交通,22,加班
2021年02月19日,支出,餐饮,56,卢
2021年02月20日,支出,餐饮,3,
2021年02月20日,支出,餐饮,29.7,
2021年02月20日,支出,餐饮,3.5,
2021年02月20日,收入,工资,1750,
2021年02月20日,支出,交通,7.5,停车
2021年02月20日,支出,日用,117,超市
2021年02月20日,支出,大餐,93,
2021年02月20日,支出,交通,12.5,停车
2021年02月20日,支出,宠物,609,狗粮 百利本能
2021年02月21日,支出,交通,15,停车
2021年02月21日,收入,其它,95,房租押金结算
2021年02月21日,支出,日用,58,剪头
2021年02月21日,支出,餐饮,12.5,鸡蛋
2021年02月21日,支出,水果,25,
2021年02月21日,支出,餐饮,41.8,扇贝
2021年02月21日,支出,餐饮,14.8,黄油
2021年02月21日,支出,餐饮,105,牛排
2021年02月21日,支出,烟酒,48,
2021年02月21日,支出,餐饮,17,
2021年02月21日,支出,餐饮,11,
2021年02月22日,支出,交通,7.5,停车
2021年02月22日,支出,餐饮,7,
2021年02月22日,支出,餐饮,12,
2021年02月22日,支出,餐饮,15,
2021年02月22日,支出,水果,10,
2021年02月22日,支出,餐饮,60.49,菜
2021年02月22日,支出,餐饮,49,卢
2021年02月23日,支出,交通,7.5,停车
2021年02月23日,支出,餐饮,6,
2021年02月23日,支出,零食,3.5,
2021年02月23日,支出,餐饮,12.9,
2021年02月23日,支出,交通,150,超速。。
2021年02月23日,支出,餐饮,11,
2021年02月23日,支出,餐饮,110,卢
2021年02月24日,支出,数码,65,Airpods
2021年02月24日,支出,交通,7.5,
2021年02月24日,支出,餐饮,20,
2021年02月24日,支出,餐饮,6.8,
2021年02月24日,支出,餐饮,20,
2021年02月24日,支出,餐饮,35,卢
2021年02月25日,支出,美容,18.32,睫毛
2021年02月25日,支出,餐饮,6.8,
2021年02月25日,支出,餐饮,12,
2021年02月25日,支出,餐饮,52,
2021年02月25日,支出,汽车,2165.89,车贷
2021年02月25日,支出,交通,7.5,停车
2021年02月26日,支出,餐饮,7,
2021年02月26日,支出,餐饮,7.5,
2021年02月26日,支出,交通,7.5,停车
2021年02月27日,支出,医疗,16.8,药
2021年02月28日,支出,交通,54.18,本月高速
2021年03月01日,支出,餐饮,7,
2021年03月01日,支出,住房,6240.25,房贷
2021年03月01日,支出,餐饮,8.5,
2021年03月01日,支出,餐饮,21.64,卢
2021年03月01日,支出,水电煤气,17.82,水
2021年03月01日,支出,住房,28.05,分摊电费等
2021年03月01日,支出,餐饮,10.9,
2021年03月01日,支出,交通,37.5,停车
2021年03月02日,支出,餐饮,82.65,天猫超市
2021年03月02日,支出,服饰,49,袜子
2021年03月02日,支出,服饰,39.8,袜子
2021年03月02日,支出,餐饮,123.5,蜂蜜
2021年03月02日,支出,日常洗护,24,身体乳
2021年03月02日,支出,餐饮,20,
2021年03月02日,支出,餐饮,13.5,
2021年03月02日,支出,餐饮,7,
2021年03月02日,支出,餐饮,6,卢
2021年03月02日,支出,数码,89,电池
2021年03月02日,支出,日常洗护,85.5,珍视明
2021年03月02日,支出,餐饮,28.66,辣椒酱
2021年03月02日,支出,餐饮,18,卢
2021年03月02日,支出,交通,7.5,停车
2021年03月03日,支出,餐饮,18.7,卢
2021年03月03日,支出,餐饮,3,
2021年03月03日,支出,餐饮,11.5,
2021年03月03日,支出,餐饮,12,
2021年03月03日,支出,居家,10,百合
2021年03月03日,支出,交通,7.5,
2021年03月03日,支出,餐饮,61.5,美团买菜
2021年03月04日,支出,餐饮,3,
2021年03月04日,支出,交通,7.5,停车
2021年03月04日,支出,餐饮,14,
2021年03月04日,支出,餐饮,8,
2021年03月04日,支出,餐饮,16,卢
2021年03月05日,支出,餐饮,7,
2021年03月05日,支出,餐饮,15,
2021年03月05日,支出,交通,7.5,停车
2021年03月05日,支出,餐饮,8.5,
2021年03月06日,支出,交通,15,停车
2021年03月06日,支出,宠物,107.84,鞋
2021年03月06日,支出,医疗,95.15,YSM
2021年03月06日,支出,交通,10,停车
2021年03月07日,支出,餐饮,31.8,
2021年03月07日,支出,通讯,30,卢
2021年03月07日,支出,通讯,100,
2021年03月07日,支出,服饰,409,三叶草男鞋
2021年03月08日,支出,交通,30,停车
2021年03月08日,支出,交通,50,羊城通
2021年03月08日,支出,餐饮,7,
2021年03月08日,支出,餐饮,13.5,
2021年03月08日,支出,日常洗护,205,护发素
2021年03月08日,收入,其它,520,老吴
2021年03月08日,支出,长辈,200,老吴
2021年03月08日,支出,长辈,200,老王
2021年03月08日,支出,汽车,28.29,防雨
2021年03月08日,支出,餐饮,23,
2021年03月08日,支出,数码,23.63,李手机壳
2021年03月08日,支出,数码,23.53,李手机壳
2021年03月09日,支出,交通,7.5,停车
2021年03月09日,支出,交通,390.83,油
2021年03月09日,支出,餐饮,15,
2021年03月09日,支出,餐饮,7,
2021年03月09日,支出,餐饮,7.5,
2021年03月09日,支出,餐饮,7,卢
2021年03月10日,收入,兼职,8655,
2021年03月10日,支出,餐饮,7,
2021年03月10日,支出,餐饮,15,
2021年03月10日,支出,交通,7.5,停车
2021年03月10日,收入,工资,14884,
2021年03月10日,支出,餐饮,12,
2021年03月10日,支出,餐饮,24.18,卢
2021年03月10日,支出,水电煤气,91.27,电
2021年03月11日,支出,餐饮,7,
2021年03月11日,支出,餐饮,11.5,
2021年03月11日,支出,交通,7.5,停车
2021年03月11日,支出,餐饮,14.2,卢
2021年03月11日,支出,餐饮,8,
2021年03月11日,支出,餐饮,111.2,菜
2021年03月11日,支出,餐饮,17,卢
2021年03月12日,支出,餐饮,7,
2021年03月12日,支出,交通,7.5,
2021年03月12日,支出,餐饮,11.5,
2021年03月12日,支出,零食,3.5,
2021年03月12日,支出,餐饮,14,
2021年03月12日,支出,餐饮,96.4,京东到家
2021年03月13日,支出,交通,15,停车
2021年03月13日,支出,交通,22.51,加班
2021年03月14日,支出,大餐,88.61,螃蟹
2021年03月15日,支出,汽车,35.8,玻璃水
2021年03月15日,支出,餐饮,7,
2021年03月15日,支出,餐饮,12,
2021年03月15日,支出,餐饮,35,
2021年03月15日,支出,宠物,515,喂食器
2021年03月15日,支出,交通,30,停车
2021年03月16日,支出,交通,7.5,停车
2021年03月16日,支出,餐饮,7,
2021年03月16日,支出,餐饮,11.5,
2021年03月16日,支出,交通,57,加班
2021年03月16日,支出,餐饮,20,
2021年03月17日,支出,餐饮,7,
2021年03月17日,支出,交通,7.5,停车
2021年03月17日,支出,餐饮,10,
2021年03月17日,支出,餐饮,15.5,
2021年03月18日,支出,交通,7.5,停车
2021年03月18日,支出,餐饮,7,
2021年03月18日,支出,零食,6.8,
2021年03月18日,支出,餐饮,15,
2021年03月18日,支出,餐饮,11,
2021年03月18日,支出,餐饮,43,卢
2021年03月18日,支出,服饰,332,歌莉娅睡衣
2021年03月18日,支出,餐饮,83.7,京东到家
2021年03月19日,支出,餐饮,3,
2021年03月19日,收入,工资,1750,
2021年03月19日,支出,餐饮,12,
2021年03月19日,支出,餐饮,15.5,
2021年03月20日,支出,交通,1710,东方国际停车场
2021年03月20日,支出,医疗,10,口腔科挂号
2021年03月20日,支出,餐饮,19.9,
2021年03月20日,支出,住房,278,物业费
2021年03月20日,支出,水果,40.7,
2021年03月20日,支出,快递,15,
2021年03月20日,支出,快递,14,
2021年03月21日,支出,大餐,51,卡朋
2021年03月21日,支出,宠物,719,Q宠充值
2021年03月21日,支出,书籍,18,百度网盘会员
2021年03月21日,支出,水电煤气,11.88,水
2021年03月22日,支出,餐饮,41,
2021年03月22日,支出,餐饮,11.5,
2021年03月22日,支出,交通,15,停车
2021年03月22日,支出,餐饮,17,卢
2021年03月22日,支出,交通,22,加班
2021年03月23日,支出,餐饮,7,
2021年03月23日,支出,快递,8,电动牙刷
2021年03月23日,支出,餐饮,14,
2021年03月23日,支出,餐饮,14,
2021年03月23日,支出,居家,21.9,包饺子工具
2021年03月23日,支出,交通,7.5,停车
2021年03月23日,支出,餐饮,20.8,卢
2021年03月24日,支出,数码,65,Airpods
2021年03月24日,支出,汽车,2167,车贷
2021年03月24日,支出,医疗,123.2,看牙
2021年03月24日,支出,餐饮,13,
2021年03月24日,支出,日用,58.4,漱口水
2021年03月24日,支出,餐饮,7.5,
2021年03月24日,支出,餐饮,16,卢
2021年03月24日,支出,交通,12.5,停车
2021年03月24日,支出,餐饮,22.3,饼干
2021年03月25日,支出,餐饮,7,
2021年03月25日,支出,餐饮,24.8,
2021年03月25日,支出,餐饮,13.5,
2021年03月25日,支出,交通,4,
2021年03月25日,支出,书籍,203,中级
2021年03月25日,支出,交通,7.5,停车
2021年03月25日,支出,购物,88,88vip
2021年03月25日,支出,美容,18.56,清洁片
2021年03月25日,支出,服饰,359.1,歌莉娅
2021年03月25日,支出,餐饮,21.8,碗托
2021年03月25日,支出,服饰,81,袜子
2021年03月25日,支出,服饰,504.89,思加图
2021年03月25日,支出,服饰,392.65,诗凡黎
2021年03月25日,支出,日用,85.5,洗眼液
2021年03月25日,支出,餐饮,25.79,卢
2021年03月25日,支出,餐饮,28.7,卢
2021年03月26日,支出,餐饮,7,
2021年03月26日,支出,餐饮,9.5,
2021年03月26日,支出,餐饮,15,
2021年03月26日,支出,餐饮,88.54,馄饨
2021年03月26日,支出,交通,22.12,加班
2021年03月26日,支出,餐饮,86.9,京东到家
2021年03月26日,支出,餐饮,19.4,卢
2021年03月27日,支出,餐饮,15.25,菜
2021年03月28日,支出,日用,45,剪头
2021年03月28日,支出,日常洗护,24,刀头
2021年03月28日,支出,餐饮,2,
2021年03月28日,支出,餐饮,118,虾爬子
2021年03月29日,支出,餐饮,11.8,
2021年03月29日,支出,餐饮,11.5,
2021年03月29日,支出,餐饮,11.2,卢
2021年03月29日,支出,餐饮,12,
2021年03月29日,支出,汽车,80,补胎
2021年03月30日,支出,长辈,92.9,漱口水
2021年03月30日,支出,交通,7.5,
2021年03月30日,支出,餐饮,7,
2021年03月30日,支出,餐饮,20,
2021年03月30日,支出,餐饮,39,肯德基
2021年03月30日,支出,餐饮,29.7,卢
2021年03月31日,支出,餐饮,7,
2021年03月31日,支出,交通,7.5,停车
2021年03月31日,支出,日用,20.71,夹子
2021年03月31日,支出,烟酒,72.11,梅子酒
2021年03月31日,支出,餐饮,13,
2021年03月31日,支出,餐饮,16,卢
2021年03月31日,支出,餐饮,14,
2021年03月31日,支出,零食,31.81,喜茶
2021年03月31日,支出,餐饮,1.99,菜
2021年03月31日,支出,交通,84.06,本月高速
2021年04月01日,支出,住房,6339.2,房贷
2021年04月01日,支出,餐饮,7,
2021年04月01日,支出,交通,7.5,停车
2021年04月01日,支出,餐饮,13,
2021年04月02日,收入,工资,5674.5,李 年终
2021年04月02日,支出,餐饮,7,
2021年04月02日,支出,交通,7.5,停车
2021年04月02日,支出,零食,4.5,柠檬茶
2021年04月02日,支出,交通,50,羊城通
2021年04月02日,支出,水果,44.83,
2021年04月02日,支出,餐饮,22.7,卢
2021年04月02日,支出,医疗,11,
2021年04月02日,支出,餐饮,30,
2021年04月02日,支出,餐饮,15,
2021年04月03日,支出,餐饮,300,大江水产
2021年04月03日,支出,美容,285,Addiction
2021年04月03日,支出,美容,266.36,去黑头
2021年04月03日,支出,餐饮,66.57,早餐
2021年04月03日,支出,餐饮,14.8,咖啡
2021年04月03日,支出,日用,13.9,苏菲
2021年04月03日,支出,餐饮,19.43,烤冷面
2021年04月03日,支出,餐饮,6.9,果酱
2021年04月03日,支出,餐饮,125,牛奶
2021年04月03日,支出,餐饮,4,玉米
2021年04月03日,支出,餐饮,3,包子
2021年04月03日,支出,餐饮,13,鸭
2021年04月03日,支出,餐饮,15.7,菜
2021年04月04日,支出,零食,8,
2021年04月04日,支出,交通,24,停车
2021年04月04日,支出,餐饮,94,烧烤
2021年04月04日,支出,交通,30,停车
2021年04月04日,支出,交通,10,停车
2021年04月04日,支出,娱乐,2256,滑雪
2021年04月05日,支出,交通,410,油
2021年04月05日,支出,大餐,193,太二
2021年04月05日,支出,交通,12,停车
2021年04月05日,支出,餐饮,35,面包
2021年04月05日,支出,交通,12.5,停车
2021年04月05日,支出,快递,12,
2021年04月05日,支出,餐饮,134,超市
2021年04月05日,支出,餐饮,0.46,
2021年04月06日,支出,餐饮,11,
2021年04月06日,支出,餐饮,15,
2021年04月06日,支出,交通,15,停车
2021年04月06日,支出,零食,18.24,咖啡
2021年04月07日,支出,餐饮,12,
2021年04月07日,支出,医疗,10,挂号
2021年04月07日,支出,餐饮,16,
2021年04月07日,支出,居家,138,智能网关
2021年04月07日,支出,餐饮,22,卢
2021年04月07日,支出,交通,7.5,停车
2021年04月07日,支出,水果,23.57,
2021年04月07日,支出,居家,39,门窗传感器
2021年04月07日,支出,居家,49,开关
2021年04月08日,支出,餐饮,18,
2021年04月08日,支出,餐饮,7,
2021年04月08日,支出,餐饮,15,
2021年04月08日,支出,餐饮,50,卢
2021年04月08日,支出,餐饮,17,卢
2021年04月08日,支出,交通,7.5,
2021年04月09日,支出,交通,7.5,
2021年04月09日,支出,通讯,50,
2021年04月09日,支出,居家,88,小米
2021年04月09日,支出,餐饮,95.45,小米
2021年04月09日,支出,餐饮,7,
2021年04月09日,支出,餐饮,15.5,
2021年04月09日,收入,兼职,8655,
2021年04月09日,收入,工资,14334,
2021年04月09日,支出,居家,69,魔方
2021年04月09日,支出,居家,349,热水
2021年04月10日,支出,居家,32.9,拖布
2021年04月10日,支出,餐饮,88,
2021年04月10日,支出,交通,5,停车
2021年04月10日,支出,餐饮,234.3,沃尔玛
2021年04月10日,支出,零食,9.3,粒上皇
2021年04月10日,支出,零食,25,喜茶
2021年04月10日,支出,交通,15,停车
2021年04月11日,支出,交通,12.5,停车
2021年04月11日,支出,交通,10,停车
2021年04月11日,支出,娱乐,52,马尼拉
2021年04月11日,支出,餐饮,20.9,晚饭
2021年04月12日,支出,交通,7.5,
2021年04月12日,支出,餐饮,7,
2021年04月12日,支出,餐饮,14,
2021年04月12日,支出,交通,12,停车
2021年04月12日,支出,水果,48.88,
2021年04月12日,支出,汽车,20,洗车
2021年04月13日,支出,交通,15,停车
2021年04月13日,支出,餐饮,7,
2021年04月13日,支出,餐饮,14.8,
2021年04月13日,支出,餐饮,20,晚饭
2021年04月13日,支出,餐饮,17,
2021年04月14日,支出,餐饮,3,
2021年04月14日,支出,交通,7.5,
2021年04月14日,支出,餐饮,13,
2021年04月14日,收入,兼职,200,婷子卖婚纱照
2021年04月14日,支出,零食,95,喜茶
2021年04月14日,支出,餐饮,33,卢
2021年04月15日,支出,餐饮,11.5,
2021年04月15日,支出,餐饮,7.5,
2021年04月15日,支出,餐饮,20,
2021年04月15日,支出,交通,7.5,
2021年04月15日,支出,餐饮,19,卢
2021年04月16日,支出,水电煤气,95.4,电
2021年04月16日,支出,交通,7.5,
2021年04月16日,支出,餐饮,2.8,
2021年04月16日,支出,水电煤气,110.4,煤气
2021年04月16日,支出,住房,292.48,物业费
2021年04月16日,支出,餐饮,9.5,
2021年04月16日,支出,餐饮,22,卢
2021年04月16日,支出,餐饮,8,
2021年04月17日,支出,交通,5,
2021年04月17日,支出,交通,2.5,
2021年04月17日,支出,交通,4,
2021年04月17日,支出,交通,5,
2021年04月17日,支出,大餐,97,
2021年04月17日,支出,零食,28,喜茶
2021年04月18日,支出,社交,150,花篮
2021年04月18日,支出,美容,1000,美甲
2021年04月18日,支出,宠物,429,狗粮
2021年04月18日,支出,烟酒,300,电子烟
2021年04月18日,支出,交通,14,停车
2021年04月18日,支出,交通,7.5,停车
2021年04月19日,支出,餐饮,8,
2021年04月19日,支出,交通,7.5,
2021年04月19日,支出,餐饮,23.2,
2021年04月19日,支出,美容,143.1,夹板
2021年04月19日,支出,居家,19.9,碰碰贴
2021年04月19日,支出,日用,29,肌肉贴
2021年04月19日,支出,餐饮,2.61,菜
2021年04月19日,支出,餐饮,15,
2021年04月19日,支出,服饰,281,马克华菲男装
2021年04月20日,支出,餐饮,8,
2021年04月20日,支出,餐饮,21.9,
2021年04月20日,支出,餐饮,12.5,
2021年04月20日,支出,餐饮,16,卢
2021年04月20日,收入,工资,1750,
2021年04月21日,支出,餐饮,8,
2021年04月21日,支出,交通,7.5,
2021年04月21日,支出,餐饮,46.5,酸奶
2021年04月21日,支出,餐饮,15,
2021年04月22日,支出,餐饮,8,
2021年04月22日,支出,交通,7.5,
2021年04月22日,支出,餐饮,21.3,
2021年04月22日,支出,餐饮,8,
2021年04月23日,支出,餐饮,3,
2021年04月23日,支出,餐饮,9.5,
2021年04月23日,支出,交通,7.5,
2021年04月23日,支出,餐饮,13.5,
2021年04月24日,支出,数码,65,Airpods
2021年04月24日,支出,零食,54.88,鸭货
2021年04月25日,支出,交通,25,停车
2021年04月25日,支出,日用,55,剪头
2021年04月25日,支出,餐饮,18,
2021年04月25日,支出,居家,125.34,射频模块
2021年04月25日,支出,大餐,271,羊蝎子
2021年04月25日,支出,交通,7.5,
2021年04月25日,支出,交通,4,地铁
2021年04月26日,支出,交通,7.5,停车
2021年04月26日,支出,餐饮,8,
2021年04月26日,支出,餐饮,5.5,
2021年04月26日,支出,餐饮,15,
2021年04月26日,支出,交通,50,羊城通
2021年04月26日,支出,餐饮,8.5,卢
2021年04月26日,支出,汽车,2167,车贷
2021年04月27日,支出,交通,7.5,停车
2021年04月27日,支出,餐饮,30.5,
2021年04月27日,支出,餐饮,20,
2021年04月27日,支出,餐饮,2.8,
2021年04月27日,支出,餐饮,47,卢
2021年04月27日,支出,餐饮,14,卢
2021年04月28日,支出,餐饮,3,
2021年04月28日,支出,交通,7.5,
2021年04月28日,支出,餐饮,10,
2021年04月28日,支出,餐饮,34,
2021年04月28日,支出,交通,6,地铁
2021年04月28日,支出,餐饮,12,
2021年04月28日,支出,餐饮,32,卢
2021年04月29日,支出,交通,84.08,接机
2021年04月29日,支出,交通,1492.84,广州北京×2
2021年04月29日,支出,交通,220,停车场
2021年04月29日,支出,交通,476,北京长春
2021年04月29日,支出,餐饮,12,
2021年04月29日,支出,餐饮,38,
2021年04月29日,支出,交通,15,停车
2021年04月29日,支出,交通,6,地铁
2021年04月29日,收入,兼职,18659,奖金
2021年04月29日,支出,美容,76,屈臣氏
2021年04月29日,支出,零食,59.8,酸奶
2021年04月29日,支出,交通,6,地铁
2021年04月29日,支出,交通,180,北京阳泉
2021年04月29日,支出,娱乐,10,充电宝
2021年04月29日,支出,旅行,883,北京酒店
2021年04月30日,支出,大餐,199,火锅
2021年04月30日,支出,美容,290,遮瑕
2021年04月30日,支出,零食,18,
2021年04月30日,支出,零食,25,
2021年04月30日,支出,餐饮,26,
2021年04月30日,支出,水果,31.2,
2021年04月30日,支出,交通,225.4,本月高速
2021年05月01日,支出,住房,6240.25,房贷
2021年05月01日,支出,住房,254.6,物业费
2021年05月01日,支出,交通,27,
2021年05月01日,支出,社交,578,外甥女
2021年05月01日,支出,数码,69,充电宝
2021年05月01日,支出,餐饮,3,
2021年05月01日,支出,餐饮,34.3,
2021年05月02日,支出,交通,10,
2021年05月02日,支出,交通,6.25,
2021年05月02日,支出,日用,99,洗澡
2021年05月02日,支出,交通,22.19,
2021年05月02日,支出,交通,27.54,
2021年05月02日,支出,交通,11.24,
2021年05月03日,支出,水电煤气,71.25,电
2021年05月03日,支出,交通,18,
2021年05月03日,支出,交通,27,
2021年05月04日,支出,大餐,500,火锅
2021年05月04日,支出,交通,27,
2021年05月04日,支出,交通,35.1,
2021年05月04日,支出,交通,30,
2021年05月04日,支出,水果,58.8,
2021年05月05日,支出,交通,5,
2021年05月05日,支出,社交,212,功姐
2021年05月05日,支出,交通,6,
2021年05月05日,支出,长辈,68.8,核桃
2021年05月06日,支出,通讯,100,
2021年05月06日,支出,餐饮,24,
2021年05月06日,支出,交通,2,
2021年05月06日,支出,交通,13,
2021年05月06日,支出,长辈,106,锅
2021年05月07日,支出,交通,30,
2021年05月08日,支出,交通,718.33,太原广州
2021年05月08日,支出,交通,897,长春广州
2021年05月08日,支出,餐饮,2,
2021年05月08日,支出,交通,6,打车
2021年05月08日,支出,其他,23,红布
2021年05月08日,支出,交通,119.61,龙嘉打车
2021年05月09日,支出,宠物,770,寄养
2021年05月09日,收入,压岁钱,10000,老卢
2021年05月09日,收入,其它,400000,
2021年05月09日,支出,汽车,50,补胎
2021年05月09日,支出,长辈,1040,母亲节
2021年05月09日,支出,交通,15,停车
2021年05月09日,支出,水果,40.25,
2021年05月09日,支出,交通,146.93,油
2021年05月09日,支出,汽车,50,洗车
2021年05月09日,支出,零食,12,
2021年05月09日,支出,餐饮,32.2,菜
2021年05月10日,支出,餐饮,7,
2021年05月10日,支出,餐饮,27.5,
2021年05月10日,收入,兼职,8655,
2021年05月10日,收入,工资,14116.75,
2021年05月10日,支出,餐饮,5,卢
2021年05月10日,支出,交通,10,停车
2021年05月10日,支出,餐饮,71.71,尊宝
2021年05月11日,支出,餐饮,7,
2021年05月11日,支出,交通,7.5,
2021年05月11日,支出,餐饮,13.98,
2021年05月11日,支出,餐饮,48.4,超市
2021年05月11日,支出,餐饮,8,
2021年05月11日,支出,服饰,62.6,
2021年05月11日,支出,餐饮,16,卢
2021年05月11日,支出,美容,507,科颜氏
2021年05月12日,支出,交通,7.5,停车
2021年05月12日,支出,餐饮,7,
2021年05月12日,支出,餐饮,18.1,
2021年05月12日,支出,餐饮,13.4,卢
2021年05月12日,支出,水果,93.69,榴莲
2021年05月12日,支出,餐饮,15.5,
2021年05月13日,支出,餐饮,7,
2021年05月13日,支出,交通,7.5,
2021年05月13日,支出,餐饮,24,
2021年05月13日,支出,餐饮,15,
2021年05月13日,支出,餐饮,20,卢
2021年05月13日,支出,餐饮,13,卢
2021年05月14日,支出,居家,88.73,喷头
2021年05月14日,支出,交通,7.5,
2021年05月14日,支出,餐饮,2.8,
2021年05月14日,支出,数码,12.17,IDE硬盘线
2021年05月14日,支出,服饰,338,防晒
2021年05月14日,支出,居家,106.9,按摩
2021年05月14日,支出,餐饮,14,
2021年05月14日,支出,餐饮,70.54,菜
2021年05月14日,支出,餐饮,12,
2021年05月14日,支出,餐饮,25.5,卢
2021年05月15日,支出,快递,12,
2021年05月15日,支出,大餐,213,羊排
2021年05月15日,支出,交通,12,停车
2021年05月15日,支出,交通,12,停车
2021年05月15日,支出,餐饮,5.46,菜
2021年05月15日,支出,零食,35,咖啡
2021年05月15日,支出,宠物,40,游泳
2021年05月15日,支出,餐饮,7.5,
2021年05月15日,支出,交通,15,停车
2021年05月15日,支出,餐饮,10,卢
2021年05月16日,支出,餐饮,17.67,菜
2021年05月16日,支出,服饰,3250,Gucci
2021年05月17日,支出,餐饮,25,
2021年05月17日,支出,餐饮,8.5,
2021年05月17日,支出,餐饮,68.25,卢
2021年05月17日,支出,交通,25,停车
2021年05月18日,支出,餐饮,7,
2021年05月18日,支出,餐饮,20.5,
2021年05月18日,支出,餐饮,8,
2021年05月18日,支出,交通,7.5,
2021年05月19日,支出,餐饮,7,
2021年05月19日,支出,交通,7.5,
2021年05月19日,支出,汽车,135.12,雨刮器
2021年05月19日,支出,餐饮,15,
2021年05月19日,支出,餐饮,20,
2021年05月20日,支出,交通,7.5,
2021年05月20日,支出,餐饮,6.8,
2021年05月20日,支出,餐饮,25,
2021年05月20日,支出,美容,177.98,卸妆膏
2021年05月20日,收入,工资,1750,
2021年05月20日,支出,餐饮,17,
2021年05月20日,支出,居家,19.8,封条
2021年05月20日,支出,交通,5,
2021年05月20日,支出,娱乐,6,充电宝
2021年05月20日,支出,餐饮,168.1,京东到家
2021年05月21日,支出,餐饮,9.5,
2021年05月21日,支出,餐饮,7,
2021年05月21日,支出,餐饮,15,
2021年05月21日,支出,交通,7.5,
2021年05月22日,支出,餐饮,16,
2021年05月22日,支出,餐饮,23,
2021年05月23日,支出,交通,402.3,油
2021年05月23日,支出,交通,30,停车
2021年05月23日,支出,日用,3100,眼镜
2021年05月23日,支出,大餐,128.8,
2021年05月23日,支出,汽车,2166.7,车贷
2021年05月23日,支出,餐饮,86.1,京东到家
2021年05月23日,支出,旅行,314.9,清远团建
2021年05月23日,支出,日用,55,剪头
2021年05月24日,支出,数码,65,Airpods
2021年05月24日,支出,餐饮,7,
2021年05月24日,支出,交通,7.5,
2021年05月24日,支出,居家,19.8,隔音条
2021年05月24日,支出,服饰,271.45,内衣
2021年05月24日,支出,餐饮,104.04,天猫超市
2021年05月24日,支出,日用,12.88,茶包
2021年05月24日,支出,居家,74.2,收纳盒
2021年05月24日,支出,美容,130,3CE
2021年05月24日,支出,餐饮,28,
2021年05月24日,支出,餐饮,13,
2021年05月24日,支出,零食,14,
2021年05月24日,支出,零食,15,
2021年05月24日,支出,餐饮,10,
2021年05月24日,支出,份子钱,2000,董琦
2021年05月24日,支出,娱乐,33,迅雷
2021年05月25日,支出,餐饮,7,
2021年05月25日,支出,餐饮,15.8,
2021年05月25日,支出,交通,7.5,
2021年05月25日,支出,餐饮,31,
2021年05月25日,支出,餐饮,15.8,
2021年05月25日,支出,餐饮,18,卢
2021年05月26日,支出,餐饮,7,
2021年05月26日,支出,交通,7.5,
2021年05月26日,支出,餐饮,24.9,
2021年05月26日,支出,交通,50,羊城通
2021年05月26日,支出,餐饮,17,
2021年05月26日,支出,零食,15,
2021年05月26日,支出,餐饮,13.8,卢
2021年05月27日,支出,餐饮,6.8,
2021年05月27日,支出,交通,7.5,
2021年05月27日,支出,餐饮,21.9,
2021年05月27日,支出,餐饮,17,
2021年05月28日,支出,餐饮,7,
2021年05月28日,支出,交通,7.5,
2021年05月28日,支出,餐饮,27,
2021年05月28日,支出,交通,7.5,停车
2021年05月28日,支出,餐饮,35.51,卢
2021年05月28日,支出,餐饮,115.7,京东到家
2021年05月28日,支出,餐饮,35,
2021年05月29日,支出,零食,51,
2021年05月29日,支出,交通,10,停车
2021年05月29日,支出,交通,6,停车
2021年05月29日,支出,交通,12.5,停车
2021年05月29日,支出,大餐,130,客家菜
2021年05月29日,支出,水果,72.83,
2021年05月29日,支出,交通,8,停车
2021年05月30日,支出,大餐,114,
2021年05月30日,支出,交通,15,停车
2021年05月30日,支出,交通,18,停车
2021年05月30日,支出,零食,21,
2021年05月30日,支出,餐饮,16.7,菜
2021年05月30日,支出,日用,58.93,隐形眼镜
2021年05月30日,支出,日用,26.31,洗液
2021年05月30日,支出,居家,113.86,凉席
2021年05月30日,支出,餐饮,63,鸭血粉丝
2021年05月30日,支出,居家,30.7,马桶置物架
2021年05月31日,支出,交通,12.5,停车
2021年05月31日,支出,水电煤气,15.84,水
2021年05月31日,支出,餐饮,7,
2021年05月31日,支出,餐饮,14.9,
2021年05月31日,支出,交通,356.44,高速
2021年06月01日,支出,住房,286.3,物业费
2021年06月01日,支出,住房,6240.25,房贷
2021年06月01日,支出,餐饮,8,
2021年06月01日,支出,交通,7.5,停车
2021年06月01日,支出,住房,21.5,分摊电费
2021年06月02日,支出,餐饮,22,
2021年06月02日,支出,餐饮,8,
2021年06月02日,支出,交通,7.5,停车
2021年06月02日,支出,居家,1399,门锁
2021年06月02日,支出,居家,157.6,滤芯
2021年06月02日,支出,数码,169,JBL
2021年06月02日,支出,日用,11.81,棒
2021年06月02日,支出,日用,94.2,卫生巾
2021年06月02日,支出,餐饮,18.98,
2021年06月02日,支出,居家,26.83,芳香剂
2021年06月02日,支出,服饰,45.67,T恤
2021年06月02日,支出,日用,83.04,蓝月亮
2021年06月02日,支出,数码,19.31,音频线
2021年06月02日,支出,餐饮,220.85,必品阁
2021年06月02日,支出,医疗,3.9,江中
2021年06月02日,支出,日用,36.9,伞
2021年06月02日,支出,宠物,89.27,尿垫
2021年06月02日,支出,长辈,5294,Iphone12
2021年06月03日,支出,交通,7.5,停车
2021年06月03日,支出,交通,407.59,油
2021年06月03日,支出,美容,307.88,眼霜
2021年06月03日,支出,美容,120.77,定妆
2021年06月03日,支出,日常洗护,109.23,洗脸巾
2021年06月03日,支出,社交,589.03,王亚书
2021年06月03日,支出,日常洗护,70.73,洗眼液
2021年06月03日,支出,日用,30,消毒
2021年06月03日,支出,娱乐,39.22,咬嘴
2021年06月03日,支出,日用,70.16,Tt
2021年06月03日,支出,宠物,369,狗粮 伯纳天纯
2021年06月03日,支出,餐饮,92,京东到家
2021年06月04日,支出,餐饮,8,
2021年06月04日,支出,交通,7.5,停车
2021年06月04日,支出,餐饮,15.8,
2021年06月04日,支出,水电煤气,208.05,电
2021年06月04日,支出,交通,10,高速
2021年06月05日,支出,日常洗护,27.5,洗发水
2021年06月05日,支出,日常洗护,2.8,牙膏
2021年06月05日,支出,宠物,57.5,袋子
2021年06月05日,支出,书籍,68.36,资本论
2021年06月05日,支出,服饰,286.69,卡帕
2021年06月05日,支出,医疗,18.13,眼药水
2021年06月05日,支出,宠物,149.76,胸背
2021年06月05日,支出,数码,55.54,手机壳
2021年06月05日,支出,数码,14.38,钢化膜
2021年06月05日,支出,日常洗护,33.06,牙膏
2021年06月05日,支出,宠物,196.73,爱沃克
2021年06月05日,支出,餐饮,60.43,大米
2021年06月05日,支出,日用,111.85,隐形眼镜
2021年06月05日,支出,美容,75.94,3ce
2021年06月05日,支出,日常洗护,249.85,理肤泉
2021年06月05日,支出,居家,35.53,香香
2021年06月05日,支出,居家,26.61,扫地机器人配件
2021年06月05日,支出,宠物,52.51,狗绳
2021年06月05日,支出,服饰,110.89,回力
2021年06月05日,支出,服饰,51.61,项链
2021年06月05日,支出,日常洗护,83.61,洗眼液
2021年06月05日,支出,美容,92.15,卸妆油
2021年06月05日,支出,数码,66.46,李表带
2021年06月06日,支出,份子钱,1000,王子轩
2021年06月07日,支出,交通,40,停车
2021年06月07日,支出,交通,4.86,打车
2021年06月08日,支出,交通,15,停车
2021年06月08日,支出,水果,58.2,
2021年06月08日,支出,零食,14,
2021年06月08日,支出,餐饮,13.59,
2021年06月08日,支出,日用,79.29,留香珠
2021年06月08日,支出,日用,40.16,马桶清洁
2021年06月08日,支出,餐饮,65.98,轩妈
2021年06月08日,支出,零食,168.78,雪糕
2021年06月08日,支出,日用,60.51,妹汁
2021年06月08日,支出,服饰,145.09,伊芙丽
2021年06月08日,支出,宠物,59.52,鹿角
2021年06月08日,支出,日用,25.88,干燥剂
2021年06月08日,支出,交通,57.89,打车
2021年06月09日,支出,交通,15,停车
2021年06月09日,支出,居家,98.66,电池
2021年06月09日,支出,交通,18.31,打车
2021年06月09日,支出,交通,57.71,打车
2021年06月10日,支出,餐饮,17.62,菜
2021年06月10日,收入,兼职,17424.79,
2021年06月10日,支出,水电煤气,55.2,煤气
2021年06月10日,收入,工资,14116.75,
2021年06月10日,支出,交通,15,停车
2021年06月10日,支出,餐饮,5.5,
2021年06月10日,支出,通讯,37.04,
2021年06月10日,支出,交通,1.59,打车
2021年06月11日,支出,交通,15,停车
2021年06月11日,支出,餐饮,6,
2021年06月11日,支出,交通,20.6,打车
2021年06月12日,支出,餐饮,21.83,姜茶
2021年06月12日,支出,零食,59.4,烧烤
2021年06月13日,支出,份子钱,2000,王亚书
2021年06月14日,支出,交通,15,停车
2021年06月14日,支出,餐饮,40.45,菜
2021年06月15日,支出,交通,15,停车
2021年06月15日,支出,餐饮,8.5,
2021年06月15日,支出,快递,14,
2021年06月15日,支出,餐饮,16,卢
2021年06月15日,支出,交通,19.12,打车
2021年06月15日,支出,日常洗护,48.88,李沐浴露
2021年06月16日,支出,汽车,1088,喜车先生
2021年06月16日,支出,餐饮,4.5,
2021年06月16日,支出,汽车,79,雨刮器
2021年06月16日,支出,居家,34.6,pizza盘
2021年06月16日,支出,餐饮,65.92,牛肉
2021年06月16日,支出,餐饮,21.8,芝士
2021年06月16日,支出,零食,16,奶茶
2021年06月16日,支出,交通,15,停车
2021年06月16日,支出,交通,19.32,打车
2021年06月17日,支出,娱乐,54,迅雷
2021年06月17日,支出,交通,15,
2021年06月17日,支出,餐饮,13,卢
2021年06月17日,支出,交通,15,停车
2021年06月17日,支出,零食,17.3,奶茶
2021年06月18日,支出,餐饮,4.5,
2021年06月18日,支出,交通,15,
2021年06月18日,支出,娱乐,243.1,按摩
2021年06月18日,支出,交通,15,停车
2021年06月18日,支出,交通,2.35,打车
2021年06月19日,支出,居家,7.66,固定线
2021年06月19日,支出,居家,30.37,晾衣架
2021年06月19日,支出,居家,7.87,防撞
2021年06月19日,支出,汽车,19.6,玻璃水
2021年06月19日,支出,日常洗护,77.13,沐浴露
2021年06月19日,支出,日常洗护,203.89,理肤泉
2021年06月19日,支出,服饰,56.81,内裤
2021年06月19日,支出,服饰,121.95,蕉内
2021年06月19日,支出,美容,45.45,粉扑
2021年06月19日,支出,餐饮,67.57,鸭血粉丝
2021年06月19日,支出,服饰,314.45,野兽派
2021年06月19日,支出,交通,2.34,打车
2021年06月19日,支出,交通,22.5,停车
2021年06月19日,支出,水果,43.5,
2021年06月19日,支出,餐饮,107.32,京东到家
2021年06月19日,支出,大餐,189,太二
2021年06月19日,支出,数码,23.79,李紫米
2021年06月20日,收入,工资,1750,
2021年06月20日,支出,长辈,520,老卢
2021年06月21日,支出,餐饮,19,火腿肠
2021年06月21日,支出,零食,68.37,元气森林
2021年06月21日,支出,交通,22.5,停车
2021年06月22日,支出,餐饮,7.3,螺蛳粉
2021年06月22日,支出,居家,37.87,戴森滤网
2021年06月22日,支出,居家,14.8,防水带
2021年06月22日,支出,烟酒,159.44,酒
2021年06月22日,支出,美容,72.9,眼线
2021年06月22日,支出,长辈,50.84,抹脸
2021年06月22日,支出,美容,119.37,毛戈平
2021年06月22日,支出,数码,127,小黑板
2021年06月22日,支出,餐饮,11,卢
2021年06月22日,支出,交通,15,停车
2021年06月22日,支出,交通,12.2,打车
2021年06月23日,支出,交通,15,停车
2021年06月23日,支出,交通,71.17,打车
2021年06月23日,支出,汽车,2166.7,车贷
2021年06月24日,支出,餐饮,43,卢
2021年06月24日,支出,餐饮,10,卢
2021年06月24日,支出,交通,15,停车
2021年06月24日,支出,交通,16.15,打车
2021年06月25日,支出,餐饮,65,卢
2021年06月25日,支出,餐饮,16,卢
2021年06月25日,支出,交通,17.5,停车
2021年06月25日,支出,交通,20.95,打车
2021年06月26日,支出,餐饮,142,吐司
2021年06月26日,支出,数码,29.8,手机壳
2021年06月26日,支出,餐饮,23,停车
2021年06月26日,支出,交通,8,停车
2021年06月26日,支出,零食,12,奶茶
2021年06月26日,支出,交通,17.5,停车
2021年06月27日,支出,交通,7.5,停车
2021年06月27日,支出,餐饮,5,
2021年06月27日,支出,交通,10,停车
2021年06月27日,支出,餐饮,11,
2021年06月27日,支出,交通,431.21,油
2021年06月27日,支出,零食,29,茶
2021年06月27日,支出,餐饮,79,
2021年06月27日,支出,交通,7.5,停车
2021年06月27日,支出,投资,30000,吐司店
2021年06月28日,支出,餐饮,8,
2021年06月28日,支出,餐饮,19.08,
2021年06月28日,支出,餐饮,15,
2021年06月28日,支出,交通,15,
2021年06月29日,支出,居家,28.39,罩子
2021年06月29日,支出,餐饮,8,
2021年06月29日,支出,交通,7.5,
2021年06月29日,支出,餐饮,14.26,
2021年06月29日,支出,餐饮,20,
2021年06月29日,支出,餐饮,18,牛杂
2021年06月29日,支出,餐饮,14.8,卢
2021年06月29日,支出,美容,400.83,龙
2021年06月30日,支出,餐饮,8,
2021年06月30日,支出,交通,7.5,
2021年06月30日,支出,餐饮,25.4,
2021年06月30日,支出,交通,10,停车
2021年06月30日,支出,餐饮,15,
2021年06月30日,支出,餐饮,48.4,卢
2021年06月30日,支出,餐饮,18.5,卢
2021年06月30日,支出,交通,184.95,本月高速
2021年06月30日,支出,娱乐,9.9,
2021年06月30日,支出,服饰,339.22,伊芙丽
2021年06月30日,支出,服饰,268.57,连衣裙
2021年06月30日,支出,服饰,151,Zara
2021年07月01日,支出,餐饮,7,
2021年07月01日,支出,交通,7.5,停车
2021年07月01日,支出,住房,254.6,物业费
2021年07月01日,支出,交通,12,打车
2021年07月01日,支出,交通,12,打车
2021年07月01日,支出,交通,12,打车
2021年07月01日,支出,住房,6150,房贷
2021年07月02日,支出,餐饮,7,
2021年07月02日,支出,交通,7.5,停车
2021年07月02日,支出,餐饮,27,
2021年07月02日,支出,餐饮,15,
2021年07月02日,支出,交通,2.76,打车
2021年07月02日,支出,其他,3,
2021年07月02日,支出,餐饮,26.4,卢
2021年07月02日,支出,数码,168,李表带
2021年07月03日,支出,汽车,980,保养
2021年07月03日,支出,日用,88,剪头
2021年07月03日,支出,汽车,684.8,机油套餐
2021年07月03日,支出,餐饮,51.74,沃尔玛
2021年07月03日,支出,大餐,128,八合里
2021年07月03日,支出,交通,16,停车
2021年07月03日,支出,水果,44.91,
2021年07月03日,支出,餐饮,6.5,卢
2021年07月03日,支出,交通,10,停车
2021年07月03日,支出,通讯,100,
2021年07月04日,支出,餐饮,4.9,菜
2021年07月04日,支出,餐饮,24.22,鸭货
2021年07月04日,支出,书籍,8,
2021年07月05日,支出,交通,22.5,停车
2021年07月05日,支出,交通,50,羊城通
2021年07月05日,支出,餐饮,7,
2021年07月05日,支出,住房,5243,住房面积补
2021年07月05日,支出,餐饮,27,
2021年07月05日,支出,餐饮,15,
2021年07月05日,支出,交通,25,打车
2021年07月05日,支出,交通,1710,东方国际停车场
2021年07月06日,支出,餐饮,7,
2021年07月06日,支出,交通,7.5,停车
2021年07月06日,支出,餐饮,17.38,
2021年07月06日,支出,餐饮,17.5,
2021年07月06日,支出,交通,3.22,打车
2021年07月06日,支出,餐饮,15,卢
2021年07月06日,支出,美容,999,脱毛
2021年07月06日,支出,其他,428,海外银行卡签证
2021年07月07日,支出,餐饮,14.9,
2021年07月07日,支出,餐饮,7,
2021年07月07日,支出,交通,7.5,停车
2021年07月07日,支出,餐饮,14.9,
2021年07月07日,支出,水电煤气,317.94,电
2021年07月07日,支出,餐饮,15.5,
2021年07月07日,支出,交通,10,停车
2021年07月07日,支出,交通,15.62,打车
2021年07月07日,支出,交通,22.04,打车
2021年07月07日,支出,交通,14.37,打车
2021年07月07日,支出,餐饮,85.5,卢
2021年07月07日,支出,交通,18.84,打车
2021年07月07日,支出,交通,12,打车
2021年07月07日,支出,交通,12,打车
2021年07月08日,支出,交通,7.5,停车
2021年07月08日,支出,餐饮,7,
2021年07月08日,支出,餐饮,11.06,
2021年07月08日,支出,住房,17553.96,契税
2021年07月08日,支出,餐饮,17,
2021年07月08日,支出,餐饮,13,卢
2021年07月08日,支出,零食,18.24,咖啡
2021年07月08日,支出,餐饮,9,卢
2021年07月09日,收入,工资,14116.76,
2021年07月09日,支出,餐饮,7,
2021年07月09日,支出,交通,7.5,停车
2021年07月09日,支出,餐饮,22.79,
2021年07月09日,支出,交通,406.6,油
2021年07月09日,支出,交通,55,南站停车场
2021年07月09日,支出,餐饮,11.5,
2021年07月09日,支出,餐饮,30,柠檬茶
2021年07月09日,支出,零食,17,咖啡
2021年07月09日,支出,餐饮,48.75,卢
2021年07月09日,收入,兼职,8391.26,
2021年07月10日,支出,交通,402,广州梧州
2021年07月10日,收入,压岁钱,888,生日
2021年07月10日,收入,压岁钱,1000,生日
2021年07月10日,支出,社交,345.2,小龙虾
2021年07月10日,支出,交通,65,打车
2021年07月10日,支出,交通,7.72,打车
2021年07月10日,支出,娱乐,4,充电宝
2021年07月10日,支出,水果,73.9,
2021年07月11日,支出,交通,12.45,打车
2021年07月11日,支出,餐饮,66,豆浆
2021年07月11日,支出,交通,48.85,打车
2021年07月11日,支出,宠物,100,寄养
2021年07月11日,支出,餐饮,28,粉
2021年07月11日,支出,餐饮,31,龟苓膏
2021年07月11日,支出,交通,292,梧州广州
2021年07月12日,支出,餐饮,7,
2021年07月12日,支出,汽车,22.5,隔热
2021年07月12日,支出,交通,15,停车
2021年07月12日,支出,餐饮,14,
2021年07月12日,支出,餐饮,20,
2021年07月12日,支出,交通,14.14,打车
2021年07月13日,支出,交通,7.5,
2021年07月13日,支出,餐饮,7,
2021年07月13日,支出,餐饮,18.88,
2021年07月13日,支出,餐饮,20,
2021年07月13日,支出,餐饮,71,卢
2021年07月13日,支出,交通,15.15,打车
2021年07月13日,支出,交通,12,
2021年07月13日,支出,餐饮,38.5,卢
2021年07月14日,支出,餐饮,38.3,
2021年07月14日,支出,交通,7.5,停车
2021年07月14日,支出,餐饮,7,
2021年07月14日,支出,餐饮,14,
2021年07月14日,支出,零食,13,奶茶
2021年07月14日,支出,零食,10.5,奶茶
2021年07月15日,支出,交通,7.5,
2021年07月15日,支出,餐饮,7,
2021年07月15日,支出,餐饮,16,
2021年07月15日,支出,餐饮,11,
2021年07月15日,支出,交通,6.77,打车
2021年07月15日,支出,零食,23,卢
2021年07月16日,支出,餐饮,7,卢
2021年07月16日,收入,其它,20,
2021年07月16日,支出,交通,10,停车
2021年07月17日,支出,交通,495,
2021年07月17日,支出,交通,495,油
2021年07月17日,支出,零食,10,
2021年07月18日,支出,餐饮,85,烧烤
2021年07月19日,支出,交通,15,停车
2021年07月19日,支出,餐饮,7,
2021年07月19日,支出,餐饮,18.9,
2021年07月19日,支出,水果,22.47,
2021年07月19日,支出,餐饮,20,
2021年07月19日,支出,服饰,305.57,马克华菲男装
2021年07月19日,支出,服饰,367,nike男鞋
2021年07月19日,支出,服饰,87.79,T恤男装
2021年07月20日,支出,餐饮,7,
2021年07月20日,支出,交通,7.5,
2021年07月20日,支出,餐饮,27.91,
2021年07月20日,收入,其它,400,开车去普宁分摊
2021年07月20日,收入,工资,1750,
2021年07月21日,支出,交通,7.5,停车
2021年07月21日,支出,餐饮,7,
2021年07月21日,支出,餐饮,13.5,
2021年07月21日,支出,餐饮,76,蜂蜜
2021年07月21日,支出,日用,138,遮阳伞
2021年07月21日,支出,餐饮,39.2,火锅底料
2021年07月21日,支出,餐饮,15.5,
2021年07月21日,支出,水果,10,
2021年07月21日,支出,水果,44.65,
2021年07月21日,支出,交通,56,打车
2021年07月22日,支出,快递,11.7,
2021年07月22日,支出,交通,7.5,停车
2021年07月22日,支出,餐饮,6.8,
2021年07月22日,支出,餐饮,24.9,
2021年07月22日,支出,餐饮,15,
2021年07月22日,支出,其他,20,结婚照
2021年07月23日,支出,汽车,4166.7,车贷
2021年07月23日,支出,交通,7.5,停车
2021年07月23日,支出,餐饮,6.8,
2021年07月23日,支出,美容,73.39,假睫毛
2021年07月23日,支出,餐饮,15.5,
2021年07月23日,支出,餐饮,24,卢
2021年07月23日,支出,餐饮,18.2,卢
2021年07月23日,支出,服饰,1720,戒指
2021年07月24日,支出,婚礼,68,补办结婚证
2021年07月24日,支出,交通,12.5,停车
2021年07月24日,支出,水果,64.73,
2021年07月24日,支出,宠物,85,洗澡
2021年07月24日,支出,交通,5,停车
2021年07月24日,支出,餐饮,220.27,京东到家
2021年07月24日,支出,交通,7.5,停车
2021年07月24日,支出,交通,8,停车
2021年07月24日,支出,餐饮,36.5,吐司
2021年07月25日,支出,美容,74.1,美甲
2021年07月25日,支出,餐饮,37.64,底料
2021年07月25日,支出,餐饮,33.4,螃蟹
2021年07月25日,支出,交通,397.58,油
2021年07月25日,支出,餐饮,18,卢
2021年07月25日,支出,社交,29.7,
2021年07月25日,支出,交通,15,停车
2021年07月25日,支出,美容,59,美甲
2021年07月25日,支出,投资,15000,吐司店
2021年07月25日,支出,服饰,97.66,T恤男装
2021年07月26日,支出,餐饮,7,
2021年07月26日,支出,餐饮,16.16,
2021年07月26日,支出,餐饮,13.5,
2021年07月26日,支出,交通,7.5,停车
2021年07月26日,支出,餐饮,16,卢
2021年07月26日,支出,交通,12.5,停车
2021年07月27日,支出,交通,7.5,停车
2021年07月27日,支出,餐饮,4,
2021年07月27日,支出,餐饮,27.9,
2021年07月27日,支出,交通,16,停车
2021年07月27日,支出,餐饮,9.5,
2021年07月27日,支出,交通,3.29,打车
2021年07月27日,支出,餐饮,9,卢
2021年07月28日,支出,交通,7.5,停车
2021年07月28日,支出,餐饮,6.8,
2021年07月28日,支出,餐饮,23.4,
2021年07月28日,支出,居家,7.8,刷碗布
2021年07月28日,支出,餐饮,59.4,
2021年07月28日,支出,交通,12,打车
2021年07月28日,支出,餐饮,3,卢
2021年07月28日,支出,餐饮,12,卢
2021年07月29日,支出,餐饮,8,
2021年07月29日,支出,交通,7.5,停车
2021年07月29日,支出,餐饮,23.45,
2021年07月29日,支出,餐饮,22,卢
2021年07月30日,支出,餐饮,8,
2021年07月30日,支出,交通,7.5,停车
2021年07月30日,支出,美容,62,美甲
2021年07月30日,支出,美容,18.15,美甲
2021年07月30日,支出,餐饮,22,
2021年07月30日,支出,餐饮,9.5,
2021年07月30日,支出,水果,54.51,
2021年07月30日,支出,服饰,303.95,Lee Ddeep男装
2021年07月31日,支出,住房,73.94,污水处理等
2021年07月31日,支出,交通,46,停车
2021年07月31日,支出,娱乐,6,充电宝
2021年07月31日,支出,快递,12,
2021年07月31日,支出,交通,15,停车
2021年07月31日,支出,餐饮,28.81,卢
2021年07月31日,支出,餐饮,66.94,
2021年07月31日,支出,交通,127.84,高速
2021年08月01日,支出,住房,6240.25,房贷
2021年08月01日,支出,住房,254.6,物业费
2021年08月01日,支出,交通,10,停车
2021年08月01日,支出,餐饮,5.5,
2021年08月01日,支出,交通,50,羊城通
2021年08月01日,支出,日用,45,剪头
2021年08月02日,支出,餐饮,9,
2021年08月02日,支出,快递,12,
2021年08月02日,支出,餐饮,15.8,
2021年08月02日,支出,餐饮,20,
2021年08月02日,支出,餐饮,16,卢
2021年08月02日,支出,餐饮,7,卢
2021年08月02日,支出,交通,15,停车
2021年08月02日,支出,快递,12,
2021年08月03日,支出,交通,7.5,停车
2021年08月03日,支出,餐饮,6.8,
2021年08月03日,支出,零食,3.5,
2021年08月03日,支出,餐饮,20,卢
2021年08月03日,支出,水果,36.09,
2021年08月03日,支出,餐饮,58,
2021年08月03日,支出,通讯,100,
2021年08月04日,支出,餐饮,8,
2021年08月04日,支出,餐饮,23.36,
2021年08月04日,支出,水电煤气,299.41,电
2021年08月04日,支出,餐饮,8,
2021年08月04日,支出,零食,23,
2021年08月04日,支出,交通,13,打车
2021年08月04日,支出,餐饮,63.67,卢
2021年08月04日,支出,餐饮,9,卢
2021年08月04日,支出,交通,15,停车
2021年08月04日,支出,零食,14,
2021年08月04日,支出,餐饮,9,卢
2021年08月05日,支出,餐饮,6.8,
2021年08月05日,支出,餐饮,17.5,
2021年08月05日,支出,居家,7.8,海绵
2021年08月05日,支出,餐饮,47.9,
2021年08月05日,支出,交通,7.5,停车
2021年08月06日,支出,餐饮,8,
2021年08月06日,支出,交通,7.5,停车
2021年08月06日,支出,餐饮,24.75,
2021年08月06日,支出,餐饮,12,
2021年08月06日,支出,餐饮,16,卢
2021年08月07日,支出,餐饮,40,
2021年08月07日,支出,交通,370.22,油
2021年08月07日,支出,交通,15,停车
2021年08月07日,支出,交通,18,停车
2021年08月07日,支出,交通,8,停车
2021年08月07日,支出,其他,7,不知道啥
2021年08月07日,支出,交通,12,停车
2021年08月07日,支出,餐饮,16,卢
2021年08月07日,支出,投资,9000,吐司店
2021年08月07日,支出,投资,100,店铺开锁
2021年08月08日,支出,交通,28,停车
2021年08月08日,支出,餐饮,20.1,
2021年08月08日,支出,餐饮,6,
2021年08月08日,支出,餐饮,34,
2021年08月08日,支出,交通,5,停车
2021年08月08日,支出,餐饮,12,卢
2021年08月08日,支出,零食,18.24,咖啡
2021年08月08日,支出,餐饮,7.5,
2021年08月08日,支出,交通,7.5,停车
2021年08月08日,支出,娱乐,72.2,怒火重案
2021年08月09日,支出,餐饮,144.12,天猫超市
2021年08月09日,支出,交通,7.5,停车
2021年08月09日,支出,餐饮,8,
2021年08月09日,支出,宠物,27.9,鞋
2021年08月09日,支出,餐饮,26.5,
2021年08月09日,支出,餐饮,15.5,
2021年08月10日,支出,交通,7.5,
2021年08月10日,支出,餐饮,8,
2021年08月10日,支出,餐饮,15.8,
2021年08月10日,收入,兼职,10340.26,
2021年08月10日,收入,工资,14049.76,
2021年08月10日,支出,餐饮,13.5,
2021年08月10日,支出,交通,25,打车
2021年08月10日,支出,餐饮,16,卢
2021年08月10日,支出,交通,20.68,打车
2021年08月11日,支出,交通,7.5,停车
2021年08月11日,支出,餐饮,9,
2021年08月11日,支出,餐饮,20.5,
2021年08月11日,支出,交通,6,停车
2021年08月11日,支出,餐饮,15.5,
2021年08月11日,支出,交通,25,打车
2021年08月11日,支出,烟酒,19,
2021年08月11日,支出,交通,11.24,打车
2021年08月12日,支出,水电煤气,55.2,煤气
2021年08月12日,支出,交通,7.5,
2021年08月12日,支出,餐饮,6.8,
2021年08月12日,支出,餐饮,24.8,
2021年08月12日,支出,零食,26,咖啡
2021年08月12日,支出,交通,24,打车
2021年08月12日,支出,快递,12,
2021年08月12日,支出,娱乐,311,钢琴
2021年08月12日,支出,购物,8.8,淘宝
2021年08月12日,支出,餐饮,13.5,
2021年08月13日,支出,餐饮,28.72,
2021年08月13日,支出,交通,7.5,停车
2021年08月13日,支出,餐饮,8,
2021年08月13日,支出,餐饮,15,
2021年08月13日,支出,娱乐,6,充电宝
2021年08月13日,支出,交通,12,打车
2021年08月13日,支出,交通,11.24,打车
2021年08月14日,支出,交通,18,停车
2021年08月14日,支出,烟酒,20,
2021年08月14日,支出,交通,20,停车
2021年08月14日,支出,交通,10,停车
2021年08月14日,支出,交通,2,停车
2021年08月14日,支出,交通,6,停车
2021年08月14日,支出,餐饮,103,京东到家
2021年08月14日,支出,餐饮,38,麻辣烫
2021年08月14日,支出,交通,15,停车
2021年08月14日,支出,餐饮,7,
2021年08月14日,支出,日常洗护,98,洗发水
2021年08月15日,支出,交通,20,停车
2021年08月15日,支出,交通,419.83,油
2021年08月15日,支出,餐饮,67.2,烧烤
2021年08月15日,支出,餐饮,44.5,
2021年08月15日,支出,交通,15,停车
2021年08月16日,支出,餐饮,13.92,
2021年08月16日,支出,餐饮,8,
2021年08月16日,支出,餐饮,17.5,
2021年08月16日,支出,餐饮,13.92,
2021年08月16日,支出,餐饮,5.3,
2021年08月16日,支出,交通,10,停车
2021年08月17日,支出,餐饮,21.3,
2021年08月17日,支出,餐饮,8,
2021年08月17日,支出,交通,7.5,停车
2021年08月17日,支出,餐饮,20,
2021年08月17日,支出,餐饮,21.3,
2021年08月17日,支出,交通,65,打车
2021年08月18日,支出,餐饮,15.8,
2021年08月18日,支出,交通,7.5,停车
2021年08月18日,支出,餐饮,6.8,
2021年08月18日,支出,餐饮,15.5,
2021年08月18日,支出,餐饮,47.86,
2021年08月18日,支出,交通,19.91,打车
2021年08月19日,支出,交通,7.5,停车
2021年08月19日,支出,餐饮,8,
2021年08月19日,支出,餐饮,18.4,
2021年08月19日,支出,交通,10,停车
2021年08月19日,支出,交通,14,打车
2021年08月19日,支出,餐饮,12,
2021年08月19日,支出,交通,24,打车
2021年08月20日,支出,交通,7.5,停车
2021年08月20日,支出,餐饮,8,
2021年08月20日,支出,餐饮,27,
2021年08月20日,收入,工资,1750,
2021年08月20日,支出,快递,18,
2021年08月20日,支出,餐饮,8,
2021年08月20日,支出,零食,6.5,
2021年08月20日,支出,快递,12,郭嘉钥匙
2021年08月20日,支出,餐饮,41.48,菜
2021年08月20日,支出,水果,25.51,百果园
2021年08月21日,支出,交通,14,停车
2021年08月21日,支出,交通,10,停车
2021年08月21日,支出,交通,5,停车
2021年08月21日,支出,交通,30,打车
2021年08月21日,支出,交通,16,打车
2021年08月21日,支出,交通,15,停车
2021年08月22日,支出,交通,15,停车
2021年08月22日,支出,餐饮,141.7,
2021年08月22日,支出,交通,10,停车
2021年08月22日,支出,餐饮,6.5,
2021年08月23日,支出,餐饮,15.8,
2021年08月23日,支出,餐饮,6.8,
2021年08月23日,支出,交通,15,停车
2021年08月23日,支出,餐饮,13,
2021年08月23日,支出,住房,43.88,物业
2021年08月23日,支出,餐饮,18,卢
2021年08月23日,支出,汽车,4165.85,车贷
2021年08月24日,支出,交通,7.5,停车
2021年08月24日,支出,餐饮,8,
2021年08月24日,支出,餐饮,18.99,
2021年08月24日,支出,餐饮,15.5,
2021年08月24日,支出,餐饮,43,卢
2021年08月24日,支出,交通,13,打车
2021年08月24日,支出,交通,22.17,打车
2021年08月25日,支出,交通,3,单车
2021年08月25日,支出,交通,7.5,停车
2021年08月25日,支出,餐饮,8,
2021年08月25日,支出,餐饮,23,
2021年08月25日,支出,餐饮,43,
2021年08月25日,支出,零食,15,
2021年08月26日,支出,宠物,599,狗粮 爱肯拿
2021年08月26日,支出,交通,7.5,停车
2021年08月26日,支出,餐饮,8,
2021年08月26日,支出,宠物,51.2,磨牙
2021年08月26日,支出,餐饮,14.8,
2021年08月26日,支出,零食,12,
2021年08月26日,支出,水果,29.9,猕猴桃
2021年08月27日,支出,交通,7.5,停车
2021年08月27日,支出,餐饮,7,
2021年08月27日,支出,餐饮,25,
2021年08月27日,支出,餐饮,19.9,
2021年08月27日,支出,餐饮,13.5,卢
2021年08月28日,支出,餐饮,17,
2021年08月28日,支出,日用,500,剪头
2021年08月28日,支出,保险,9066.27,李哥
2021年08月28日,支出,保险,10221.98,卢哥
2021年08月28日,支出,保险,902,团险
2021年08月28日,支出,餐饮,36,卢
2021年08月29日,支出,烟酒,40,
2021年08月29日,支出,大餐,105,烧烤
2021年08月29日,支出,交通,422.27,油
2021年08月29日,支出,交通,30,停车
2021年08月30日,支出,餐饮,9,
2021年08月30日,支出,餐饮,15.8,
2021年08月30日,支出,交通,10,停车
2021年08月30日,支出,餐饮,20,
2021年08月30日,支出,餐饮,53.5,卢
2021年08月31日,支出,餐饮,27,
2021年08月31日,支出,餐饮,6.8,
2021年08月31日,支出,交通,7.5,停车
2021年08月31日,支出,餐饮,9.5,
2021年08月31日,支出,投资,4500,吐司店
2021年08月31日,支出,快递,20,
2021年08月31日,支出,交通,12,打车
2021年08月31日,支出,交通,17,打车
2021年08月31日,支出,交通,793.75,高速
2021年09月01日,支出,住房,6240.3,房贷
2021年09月01日,支出,餐饮,21.76,
2021年09月01日,支出,餐饮,8,
2021年09月01日,支出,交通,7.5,停车
2021年09月01日,支出,住房,254.6,物业费
2021年09月01日,支出,餐饮,13,
2021年09月01日,支出,数码,32,充电器
2021年09月01日,支出,餐饮,16,卢
2021年09月01日,支出,餐饮,55,卢
2021年09月02日,支出,餐饮,6.8,
2021年09月02日,支出,交通,7.5,停车
2021年09月02日,支出,餐饮,18.67,
2021年09月02日,支出,餐饮,14,
2021年09月02日,支出,交通,49.38,打车
2021年09月03日,支出,餐饮,29.9,
2021年09月03日,支出,餐饮,8,
2021年09月03日,支出,交通,7.5,
2021年09月03日,支出,餐饮,13,
2021年09月03日,支出,餐饮,118.18,京东到家
2021年09月03日,支出,餐饮,130.49,京东到家
2021年09月03日,支出,餐饮,56,卢
2021年09月03日,支出,交通,10,打车
2021年09月03日,支出,旅行,25,汕尾酒店
2021年09月03日,支出,零食,39,炒酸奶
2021年09月03日,支出,餐饮,84,椰子水
2021年09月04日,支出,长辈,1576,机票
2021年09月04日,支出,水电煤气,229.77,电
2021年09月04日,支出,餐饮,20,
2021年09月05日,支出,交通,30,停车
2021年09月05日,支出,烟酒,20,
2021年09月05日,支出,交通,26,停车
2021年09月05日,支出,餐饮,8,
2021年09月05日,支出,份子钱,500,马乐
2021年09月06日,支出,交通,10,停车
2021年09月06日,支出,餐饮,9,
2021年09月06日,支出,餐饮,32.72,
2021年09月06日,支出,餐饮,20,
2021年09月07日,支出,交通,7.5,停车
2021年09月07日,支出,餐饮,8,
2021年09月07日,支出,餐饮,18.48,
2021年09月07日,支出,餐饮,32.56,
2021年09月07日,支出,交通,10,停车
2021年09月07日,支出,餐饮,16,
2021年09月08日,支出,餐饮,32.9,
2021年09月08日,支出,交通,7.5,停车
2021年09月08日,支出,餐饮,6.8,
2021年09月08日,支出,餐饮,22,
2021年09月08日,支出,餐饮,4,卢
2021年09月08日,支出,零食,6,
2021年09月08日,支出,餐饮,100,卢
2021年09月08日,支出,餐饮,14.7,卢
2021年09月09日,支出,餐饮,9,
2021年09月09日,支出,交通,7.5,停车
2021年09月09日,支出,餐饮,17.9,
2021年09月09日,支出,交通,64.67,打车
2021年09月09日,支出,餐饮,48.67,卢
2021年09月10日,支出,交通,7.5,停车
2021年09月10日,支出,通讯,100,
2021年09月10日,支出,餐饮,26.8,
2021年09月10日,支出,餐饮,8,
2021年09月10日,支出,投资,3000,吐司店
2021年09月10日,支出,餐饮,25.15,卢
2021年09月10日,支出,交通,361.54,油
2021年09月10日,支出,零食,19.9,KFC
2021年09月10日,支出,水果,22.7,
2021年09月10日,收入,工资,15556.51,
2021年09月10日,收入,兼职,10340.25,
2021年09月11日,支出,份子钱,500,柳建涌
2021年09月11日,支出,餐饮,8,
2021年09月11日,支出,餐饮,50,烧烤
2021年09月11日,支出,零食,46.98,
2021年09月11日,支出,大餐,220,海鲜
2021年09月12日,支出,社交,66.66,郭嘉
2021年09月12日,支出,餐饮,31,
2021年09月12日,支出,餐饮,30,
2021年09月12日,支出,日用,87.94,剪头
2021年09月12日,支出,餐饮,9,面包
2021年09月12日,支出,水果,25.22,
2021年09月12日,支出,餐饮,113.33,京东到家
2021年09月12日,支出,水果,19.8,
2021年09月13日,支出,交通,7.5,停车
2021年09月13日,支出,餐饮,24.81,
2021年09月13日,支出,餐饮,7,
2021年09月13日,支出,餐饮,64,卢
2021年09月13日,支出,餐饮,3,
2021年09月13日,支出,美容,198.13,项链
2021年09月14日,支出,交通,7.5,停车
2021年09月14日,支出,餐饮,7,
2021年09月14日,支出,餐饮,13.7,
2021年09月14日,支出,美容,39.99,美甲
2021年09月14日,支出,餐饮,24.3,
2021年09月14日,支出,投资,600,
2021年09月14日,支出,交通,419.88,油
2021年09月14日,支出,餐饮,19.9,
2021年09月15日,支出,交通,7.5,停车
2021年09月15日,支出,餐饮,27.86,
2021年09月15日,支出,餐饮,8,
2021年09月15日,支出,交通,27,停车
2021年09月15日,支出,交通,6.77,打车
2021年09月16日,支出,交通,7.5,停车
2021年09月16日,支出,交通,50,羊城通
2021年09月16日,支出,餐饮,8,
2021年09月16日,支出,餐饮,27.35,
2021年09月16日,支出,交通,22.1,打车
2021年09月16日,支出,日常洗护,66.9,防晒
2021年09月16日,支出,居家,66.67,冰箱贴
2021年09月16日,支出,餐饮,49.45,拉面说
2021年09月16日,支出,餐饮,38.75,羊杂汤
2021年09月16日,支出,汽车,48.2,香氛
2021年09月17日,支出,交通,10,停车
2021年09月17日,支出,水电煤气,40.88,公摊
2021年09月17日,支出,餐饮,20.38,
2021年09月17日,支出,餐饮,6.8,
2021年09月17日,支出,餐饮,15.5,
2021年09月17日,支出,数码,544,固态
2021年09月17日,支出,大餐,116,烧烤
2021年09月17日,支出,餐饮,37,卢
2021年09月18日,支出,餐饮,4,
2021年09月18日,支出,居家,19.8,花
2021年09月18日,支出,交通,7.5,停车
2021年09月18日,支出,餐饮,78.47,
2021年09月18日,支出,水果,15.12,
2021年09月18日,收入,工资,2385.66,
2021年09月18日,支出,交通,760.27,高速
2021年09月19日,支出,交通,15,停车
2021年09月19日,支出,餐饮,12.5,
2021年09月19日,支出,宠物,140,疫苗
2021年09月19日,支出,宠物,300,狗证
2021年09月19日,支出,娱乐,8.64,扑克
2021年09月21日,支出,交通,30,停车
2021年09月21日,支出,交通,14,停车
2021年09月21日,支出,娱乐,4.5,充电宝
2021年09月21日,支出,大餐,120,卡朋
2021年09月21日,支出,交通,30,停车
2021年09月21日,支出,餐饮,21,方便面
2021年09月22日,支出,交通,12.5,停车
2021年09月22日,支出,餐饮,8,
2021年09月22日,支出,餐饮,22.84,
2021年09月22日,支出,餐饮,20,
2021年09月22日,支出,餐饮,19.9,
2021年09月23日,支出,交通,7.5,停车
2021年09月23日,支出,汽车,4166.7,车贷
2021年09月23日,支出,餐饮,13.71,
2021年09月23日,支出,餐饮,8,
2021年09月23日,支出,餐饮,13.5,
2021年09月24日,支出,餐饮,17.02,
2021年09月24日,支出,交通,7.5,停车
2021年09月24日,支出,餐饮,4,
2021年09月25日,支出,交通,12.5,停车
2021年09月25日,支出,长辈,135,老吴生日
2021年09月25日,支出,餐饮,4,
2021年09月25日,支出,餐饮,22.87,
2021年09月25日,支出,餐饮,50.2,
2021年09月25日,支出,餐饮,28,
2021年09月26日,支出,餐饮,76.68,
2021年09月26日,支出,交通,15,停车
2021年09月26日,支出,交通,355.64,油
2021年09月27日,支出,交通,12.5,停车
2021年09月27日,支出,餐饮,12.71,
2021年09月27日,支出,餐饮,8,
2021年09月27日,支出,水果,22.88,
2021年09月27日,支出,零食,68.8,榴莲冻干
2021年09月27日,支出,餐饮,3.3,
2021年09月28日,支出,交通,7.5,停车
2021年09月28日,支出,餐饮,26.42,
2021年09月28日,支出,餐饮,6.8,
2021年09月28日,支出,餐饮,20,
2021年09月28日,支出,餐饮,16,卢
2021年09月29日,支出,交通,7.5,停车
2021年09月29日,支出,长辈,197.3,鼠标
2021年09月29日,支出,餐饮,20.9,
2021年09月29日,支出,餐饮,81,卢
2021年09月29日,支出,餐饮,16,卢
2021年09月30日,支出,交通,7.5,停车
2021年09月30日,支出,餐饮,7,
2021年09月30日,支出,餐饮,22.64,
2021年09月30日,支出,餐饮,12,
2021年09月30日,支出,日用,38.61,纸抽
2021年09月30日,支出,餐饮,55,卢
2021年09月30日,支出,餐饮,14.89,卢
2021年10月01日,支出,住房,6240.25,房贷
2021年10月01日,支出,交通,12,停车
2021年10月01日,支出,娱乐,208,我和我的父辈
2021年10月01日,支出,交通,10,停车
2021年10月01日,支出,餐饮,88,叮咚
2021年10月01日,支出,餐饮,86.45,菜
2021年10月01日,支出,交通,15,停车
2021年10月01日,支出,交通,8,停车
2021年10月01日,收入,压岁钱,1888,生日
2021年10月01日,支出,大餐,358,椰子鸡
2021年10月01日,支出,餐饮,36,
2021年10月02日,支出,礼物,179.05,水之恋
2021年10月02日,支出,居家,12.42,漏勺
2021年10月02日,支出,宠物,15.24,梳毛
2021年10月02日,支出,居家,15.37,衣服挂
2021年10月02日,支出,日常洗护,210.58,洗发
2021年10月02日,支出,日常洗护,70.97,护发素
2021年10月02日,支出,长辈,15.8,钢化膜
2021年10月02日,支出,日常洗护,328,面膜
2021年10月02日,支出,零食,14,奶茶
2021年10月02日,支出,交通,7.5,停车
2021年10月02日,支出,餐饮,16.8,
2021年10月02日,支出,零食,37.1,
2021年10月02日,支出,份子钱,500,李晓星
2021年10月02日,支出,份子钱,500,赵泽明
2021年10月03日,支出,份子钱,500,韩志宏
2021年10月03日,支出,份子钱,800,小潘
2021年10月03日,支出,份子钱,1000,贾少菊
2021年10月03日,支出,大餐,304,九毛九
2021年10月03日,支出,长辈,40.69,钢化膜
2021年10月03日,支出,交通,32.94,停车
2021年10月03日,支出,交通,17.5,停车
2021年10月03日,支出,长辈,269,包
2021年10月03日,支出,交通,22.5,停车
2021年10月04日,支出,交通,28,停车
2021年10月04日,支出,交通,5,停车
2021年10月04日,支出,医疗,18.5,葡萄糖
2021年10月04日,支出,餐饮,70,
2021年10月04日,支出,交通,23,停车
2021年10月05日,支出,大餐,331,海底捞
2021年10月05日,支出,交通,356.38,油
2021年10月05日,支出,交通,5,停车
2021年10月05日,支出,长辈,1006,衣服
2021年10月05日,支出,交通,15,停车
2021年10月06日,支出,住房,254.6,物业费
2021年10月06日,支出,交通,2,停车
2021年10月06日,支出,长辈,837.87,机票
2021年10月06日,支出,交通,15,停车
2021年10月08日,支出,日用,56.93,牙膏
2021年10月08日,支出,长辈,1057.76,机票
2021年10月08日,支出,餐饮,40.67,卢
2021年10月08日,支出,交通,10,打车
2021年10月08日,支出,长辈,18.44,手机壳
2021年10月09日,支出,交通,45,停车
2021年10月09日,支出,交通,4,停车
2021年10月09日,支出,交通,10,打车
2021年10月09日,支出,餐饮,20,卢
2021年10月09日,支出,交通,348.24,高速
2021年10月09日,支出,投资,5508.57,吐司店
2021年10月10日,收入,工资,16060.23,
2021年10月10日,收入,兼职,10869,
2021年10月10日,支出,交通,10,
2021年10月10日,支出,交通,1710,东方停车
2021年10月10日,支出,大餐,110,贼难吃烤肉
2021年10月10日,支出,餐饮,32,卢
2021年10月10日,支出,交通,15,停车
2021年10月10日,支出,零食,26.9,枣
2021年10月10日,支出,餐饮,117,蜂蜜
2021年10月11日,支出,餐饮,7,
2021年10月11日,支出,通讯,50,
2021年10月11日,支出,餐饮,25.93,
2021年10月11日,支出,餐饮,15.5,
2021年10月11日,支出,餐饮,49.13,卢
2021年10月11日,支出,餐饮,15,卢
2021年10月11日,支出,餐饮,80,卢
2021年10月11日,支出,交通,15,停车
2021年10月11日,支出,长辈,20,手机壳
2021年10月12日,支出,餐饮,7,
2021年10月12日,支出,交通,7.5,停车
2021年10月12日,支出,零食,43.8,黄鱼
2021年10月12日,支出,日用,80.57,牙刷
2021年10月12日,支出,长辈,18.44,手机壳
2021年10月12日,支出,美容,132.38,项链
2021年10月12日,支出,餐饮,22.5,
2021年10月12日,支出,餐饮,12,
2021年10月12日,支出,餐饮,74.48,卢
2021年10月13日,支出,交通,7.5,停车
2021年10月13日,支出,餐饮,7,
2021年10月13日,支出,餐饮,50.5,
2021年10月13日,支出,日用,58.95,牙膏
2021年10月13日,支出,餐饮,63,
2021年10月13日,支出,日用,6,便利贴
2021年10月13日,收入,压岁钱,8000,国庆
2021年10月13日,支出,日用,100.86,天猫超市
2021年10月13日,支出,大餐,343,帝王蟹
2021年10月13日,支出,美容,40.74,睫毛
2021年10月13日,支出,水电煤气,79.35,煤气
2021年10月13日,支出,餐饮,74.48,卢
2021年10月13日,支出,餐饮,6,卢
2021年10月14日,支出,餐饮,6.8,
2021年10月14日,支出,交通,7.5,停车
2021年10月14日,支出,餐饮,18.38,
2021年10月14日,支出,水电煤气,323.69,电
2021年10月14日,支出,零食,14,咖啡
2021年10月14日,支出,数码,9.9,Hdmi
2021年10月14日,支出,日用,29.89,卷纸
2021年10月14日,支出,餐饮,49,卢
2021年10月14日,支出,交通,10,打车
2021年10月14日,支出,餐饮,25,卢
2021年10月14日,支出,餐饮,36,卢
2021年10月14日,支出,餐饮,79,自嗨锅
2021年10月14日,支出,美容,82.25,蓬松
2021年10月15日,支出,餐饮,7,
2021年10月15日,支出,交通,7.5,停车
2021年10月15日,支出,餐饮,24.91,
2021年10月15日,支出,餐饮,14,
2021年10月15日,支出,餐饮,83.9,
2021年10月15日,支出,餐饮,29,卢
2021年10月15日,支出,长辈,254.4,欧莱雅
2021年10月16日,支出,餐饮,71,
2021年10月16日,支出,娱乐,8,
2021年10月16日,支出,居家,28.18,水管
2021年10月16日,支出,通讯,99.72,
2021年10月16日,支出,餐饮,28,
2021年10月16日,支出,餐饮,43,
2021年10月16日,支出,交通,28,打车
2021年10月16日,支出,水果,22.59,
2021年10月16日,支出,交通,15,停车
2021年10月16日,支出,服饰,35.62,裤衩
2021年10月17日,支出,餐饮,107,
2021年10月17日,支出,交通,12,停车
2021年10月17日,支出,交通,15,停车
2021年10月17日,支出,餐饮,393.81,沃尔玛
2021年10月17日,支出,快递,9,
2021年10月17日,收入,二手,105,裤子
2021年10月17日,支出,烟酒,95.9,日食记
2021年10月17日,支出,交通,4,
2021年10月18日,支出,餐饮,7,
2021年10月18日,支出,交通,7.5,停车
2021年10月18日,支出,餐饮,25.86,
2021年10月18日,支出,餐饮,15.5,
2021年10月18日,支出,餐饮,78.67,
2021年10月18日,支出,交通,243.59,高速
2021年10月19日,支出,餐饮,24.31,
2021年10月19日,支出,餐饮,7,
2021年10月19日,支出,交通,7.5,停车
2021年10月19日,支出,餐饮,14,
2021年10月20日,支出,交通,7.5,停车
2021年10月20日,支出,餐饮,7,
2021年10月20日,支出,餐饮,16.33,
2021年10月20日,收入,工资,2000,
2021年10月20日,支出,餐饮,12,
2021年10月20日,收入,二手,61.92,衬衣
2021年10月20日,收入,二手,24.65,T恤
2021年10月21日,支出,餐饮,4,
2021年10月21日,支出,交通,7.5,停车
2021年10月21日,支出,餐饮,17.17,
2021年10月21日,支出,餐饮,13.5,
2021年10月21日,支出,餐饮,76,卢
2021年10月21日,支出,快递,8.2,
2021年10月21日,收入,二手,33,阿迪外套
2021年10月22日,支出,交通,7.5,停车
2021年10月22日,支出,餐饮,4,
2021年10月22日,支出,餐饮,14.99,
2021年10月22日,支出,餐饮,15.56,
2021年10月22日,支出,餐饮,15,
2021年10月22日,支出,餐饮,86.1,卢
2021年10月22日,支出,快递,9,
2021年10月23日,支出,交通,15,停车
2021年10月23日,支出,交通,469.2,油
2021年10月23日,支出,汽车,4166.7,车贷
2021年10月23日,支出,大餐,268,怂
2021年10月23日,支出,娱乐,108,剧本杀
2021年10月23日,支出,娱乐,11.5,充电宝
2021年10月24日,支出,餐饮,57.38,
2021年10月25日,支出,交通,22.5,停车
2021年10月25日,支出,餐饮,7,
2021年10月25日,支出,餐饮,15.8,
2021年10月25日,支出,住房,45.71,分摊
2021年10月25日,支出,餐饮,12,
2021年10月26日,支出,交通,7.5,停车
2021年10月26日,支出,餐饮,7,
2021年10月26日,支出,餐饮,12.99,
2021年10月26日,支出,餐饮,15.5,
2021年10月26日,支出,烟酒,33,
2021年10月27日,支出,交通,7.5,停车
2021年10月27日,支出,餐饮,6.8,
2021年10月27日,支出,餐饮,29.49,
2021年10月27日,支出,水果,17.34,
2021年10月27日,支出,娱乐,178,沙丘
2021年10月27日,支出,餐饮,42.37,
2021年10月27日,支出,餐饮,15,卢
2021年10月27日,支出,零食,30.5,咖啡
2021年10月27日,支出,快递,12.2,
2021年10月27日,支出,餐饮,6,
2021年10月28日,支出,交通,10,停车
2021年10月28日,支出,餐饮,7,
2021年10月28日,支出,餐饮,19.93,
2021年10月28日,支出,餐饮,16,
2021年10月28日,支出,餐饮,22.3,卢
2021年10月29日,支出,餐饮,7,
2021年10月29日,支出,交通,7.5,停车
2021年10月29日,支出,餐饮,29.5,
2021年10月29日,支出,餐饮,10.5,
2021年10月29日,支出,宠物,76,洗澡
2021年10月29日,支出,交通,10,停车
2021年10月29日,支出,社交,416,曾惠娜
2021年10月29日,支出,餐饮,60.5,
2021年10月29日,支出,零食,33,咖啡
2021年10月30日,支出,餐饮,112.19,
2021年10月30日,支出,餐饮,76,
2021年10月31日,支出,餐饮,24,
2021年10月31日,支出,交通,25,停车
2021年10月31日,支出,交通,22.35,打车
2021年10月31日,支出,餐饮,34,
2021年11月01日,支出,住房,6230.25,
2021年11月01日,支出,交通,7.5,停车
2021年11月01日,支出,餐饮,7,
2021年11月01日,支出,住房,254.6,物业费
2021年11月01日,支出,餐饮,20.48,
2021年11月01日,收入,二手,724,显示器
2021年11月01日,支出,居家,620.25,滤芯
2021年11月01日,支出,餐饮,16,
2021年11月01日,支出,宠物,590,狗粮 爱肯拿
2021年11月01日,支出,交通,13,打车
2021年11月01日,支出,零食,31,咖啡
2021年11月02日,支出,餐饮,9,
2021年11月02日,支出,交通,7.5,停车
2021年11月02日,支出,餐饮,12.78,
2021年11月02日,支出,餐饮,9,卢
2021年11月02日,支出,餐饮,6.5,
2021年11月02日,支出,居家,107,洗手液
2021年11月02日,支出,美容,267.25,丸美
2021年11月02日,支出,美容,233.64,理肤泉
2021年11月02日,支出,服饰,255.28,千百度
2021年11月02日,支出,日常洗护,184.34,黛珂
2021年11月02日,支出,美容,325.25,修丽可
2021年11月02日,支出,美容,311.74,Olay
2021年11月02日,支出,数码,71.92,李表带
2021年11月03日,支出,餐饮,7,
2021年11月03日,支出,交通,10,停车
2021年11月03日,支出,餐饮,19.48,
2021年11月03日,支出,书籍,53.68,
2021年11月03日,支出,零食,63.64,咖啡
2021年11月03日,支出,餐饮,15.5,
2021年11月03日,支出,餐饮,18,卢
2021年11月03日,支出,餐饮,13,卢
2021年11月04日,支出,餐饮,7,
2021年11月04日,支出,交通,7.5,停车
2021年11月04日,支出,餐饮,18.71,
2021年11月04日,支出,餐饮,20,
2021年11月04日,支出,数码,50.3,安克
2021年11月04日,支出,餐饮,38.1,羊杂汤
2021年11月04日,支出,日用,50.1,强生
2021年11月04日,支出,服饰,550.47,Samedelman
2021年11月04日,支出,宠物,467.29,驱虫
2021年11月04日,支出,日用,35.76,干发帽
2021年11月04日,支出,餐饮,80.47,卢
2021年11月04日,支出,服饰,477.44,思莱德男装
2021年11月04日,支出,服饰,79.36,布衣传说男装
2021年11月05日,支出,交通,7.5,停车
2021年11月05日,支出,餐饮,8,
2021年11月05日,支出,零食,8.3,
2021年11月05日,支出,餐饮,26,
2021年11月05日,支出,零食,63.64,咖啡
2021年11月05日,支出,居家,57,模具
2021年11月05日,支出,交通,30.3,打车
2021年11月05日,支出,居家,30,坐垫
2021年11月05日,支出,娱乐,3,充电宝
2021年11月05日,支出,餐饮,90,卢
2021年11月06日,支出,快递,5,
2021年11月06日,支出,餐饮,124.08,菜
2021年11月07日,支出,大餐,149,烧烤
2021年11月07日,支出,交通,411.24,油
2021年11月07日,支出,宠物,27.51,玩具
2021年11月07日,支出,数码,2140,Dell
2021年11月07日,支出,居家,1875,吹风机
2021年11月07日,支出,美容,348.63,怡丽丝尔
2021年11月07日,支出,美容,292.37,怡丽丝尔
2021年11月07日,支出,交通,30,停车
2021年11月08日,支出,交通,7.5,停车
2021年11月08日,支出,餐饮,8,
2021年11月08日,支出,餐饮,16.9,
2021年11月08日,支出,餐饮,10.5,
2021年11月08日,支出,餐饮,16,卢
2021年11月08日,支出,餐饮,9,卢
2021年11月09日,支出,水电煤气,159.5,电
2021年11月09日,支出,交通,7.5,停车
2021年11月09日,支出,餐饮,7,
2021年11月09日,支出,餐饮,31,
2021年11月09日,支出,餐饮,11.5,
2021年11月09日,支出,餐饮,26,卢
2021年11月09日,支出,服饰,347,匡威男鞋
2021年11月10日,支出,餐饮,19.71,
2021年11月10日,支出,交通,10,停车
2021年11月10日,支出,餐饮,8,
2021年11月10日,收入,工资,16060.24,
2021年11月10日,收入,兼职,10350.73,卢
2021年11月10日,支出,餐饮,78.6,卢
2021年11月11日,支出,交通,7.5,停车
2021年11月11日,支出,餐饮,7,
2021年11月11日,支出,服饰,199.34,高领针织
2021年11月11日,支出,餐饮,16.48,
2021年11月11日,支出,水电煤气,31.05,煤气
2021年11月11日,支出,餐饮,9.9,
2021年11月11日,支出,住房,32.4,公摊
2021年11月11日,支出,水电煤气,19.8,水
2021年11月11日,支出,餐饮,37,
2021年11月11日,支出,水果,44.82,
2021年11月12日,支出,交通,7.5,停车
2021年11月12日,支出,餐饮,20.7,
2021年11月12日,支出,餐饮,27.5,
2021年11月12日,支出,日用,59.17,蟑螂
2021年11月13日,支出,交通,15,停车
2021年11月13日,支出,水果,29.8,
2021年11月13日,支出,餐饮,149.66,菜
2021年11月13日,支出,餐饮,19,菜
2021年11月13日,支出,餐饮,6.5,
2021年11月13日,支出,日常洗护,312.89,面膜
2021年11月13日,支出,长辈,62.62,榴莲
2021年11月13日,支出,餐饮,68.8,榴莲
2021年11月13日,支出,娱乐,72,扬名立万
2021年11月13日,支出,交通,7.5,停车
2021年11月13日,支出,数码,42.45,钢化膜
2021年11月13日,支出,日用,12.32,浴花
2021年11月14日,支出,交通,15,停车
2021年11月14日,支出,餐饮,25,
2021年11月14日,支出,餐饮,73.78,菜
2021年11月15日,支出,交通,12,打车
2021年11月15日,支出,娱乐,7.5,
2021年11月15日,支出,大餐,219.9,小肥羊
2021年11月15日,支出,餐饮,24.78,底料
2021年11月15日,支出,宠物,30.25,粑粑袋
2021年11月15日,支出,日常洗护,6.49,洗头
2021年11月15日,支出,美容,41,化妆刷
2021年11月15日,支出,服饰,486.28,Kisscat
2021年11月15日,支出,交通,7.5,停车
2021年11月15日,支出,数码,26.52,手机壳
2021年11月15日,支出,服饰,174.59,布衣传说男装
2021年11月15日,支出,数码,14.71,李手机壳
2021年11月16日,支出,餐饮,31,
2021年11月16日,收入,二手,258,奥德赛
2021年11月16日,支出,餐饮,12,
2021年11月16日,支出,数码,50,屏幕
2021年11月16日,支出,美容,349,香奈儿182
2021年11月16日,支出,零食,7.5,咖啡
2021年11月16日,支出,餐饮,50,卢
2021年11月16日,支出,交通,10,停车
2021年11月16日,支出,餐饮,49.55,卢
2021年11月17日,支出,餐饮,9.6,
2021年11月17日,支出,交通,7.5,停车
2021年11月17日,支出,餐饮,22.9,
2021年11月17日,支出,餐饮,9.5,
2021年11月17日,支出,宠物,50,捐款
2021年11月17日,支出,餐饮,10,羊肉串
2021年11月17日,支出,服饰,143.46,Gxg男装
2021年11月18日,支出,餐饮,10.8,
2021年11月18日,支出,餐饮,20.48,
2021年11月18日,支出,交通,7.5,停车
2021年11月18日,支出,餐饮,15,
2021年11月18日,收入,二手,35,音响
2021年11月18日,支出,零食,98.42,牛肉干
2021年11月18日,支出,餐饮,8.5,卢
2021年11月18日,支出,交通,25.51,高速
2021年11月18日,支出,服饰,9.9,鞋垫男装
2021年11月19日,支出,餐饮,10.8,
2021年11月19日,支出,餐饮,19.9,
2021年11月19日,收入,工资,2000,
2021年11月19日,支出,餐饮,4,卢
2021年11月19日,支出,餐饮,57.17,卢
2021年11月19日,支出,餐饮,9,卢
2021年11月19日,支出,交通,7.5,停车
2021年11月20日,收入,二手,52,G2000
2021年11月20日,支出,长辈,209.73,洗发水
2021年11月20日,支出,餐饮,121,菜
2021年11月21日,支出,交通,27.5,停车
2021年11月21日,支出,交通,7.5,停车
2021年11月21日,支出,交通,15,停车
2021年11月21日,支出,零食,35,咖啡
2021年11月21日,支出,娱乐,47.5,车展
2021年11月21日,支出,日用,25.19,试纸
2021年11月21日,支出,餐饮,17,
2021年11月21日,支出,日用,9.8,卫生巾
2021年11月21日,支出,零食,15,水
2021年11月21日,支出,餐饮,4.71,菜
2021年11月21日,支出,娱乐,300,壁球射箭
2021年11月21日,支出,零食,85.14,炸串
2021年11月22日,支出,交通,10,停车
2021年11月22日,支出,餐饮,5.4,
2021年11月22日,支出,医疗,10,
2021年11月22日,支出,餐饮,25.89,
2021年11月22日,支出,交通,12,停车
2021年11月22日,支出,餐饮,14,
2021年11月22日,支出,交通,490,油
2021年11月22日,支出,餐饮,33.71,牛肉粉
2021年11月22日,支出,服饰,895.25,皮衣
2021年11月22日,支出,日用,50.8,餐具
2021年11月22日,支出,医疗,135.85,
2021年11月23日,支出,汽车,4166.66,车贷
2021年11月23日,支出,餐饮,10.8,
2021年11月23日,支出,交通,7.5,停车
2021年11月23日,支出,餐饮,29,
2021年11月23日,支出,餐饮,15.5,
2021年11月23日,支出,餐饮,26,卢
2021年11月24日,支出,餐饮,10.8,
2021年11月24日,支出,交通,7.5,停车
2021年11月24日,支出,餐饮,19.9,
2021年11月24日,支出,餐饮,59.9,
2021年11月25日,支出,餐饮,26,
2021年11月25日,支出,餐饮,8,
2021年11月25日,支出,交通,7.5,停车
2021年11月25日,支出,餐饮,12,
2021年11月25日,支出,交通,50,羊城通
2021年11月25日,支出,餐饮,20,卢
2021年11月26日,支出,交通,7.5,停车
2021年11月26日,支出,宠物,544.5,洗澡卡
2021年11月26日,支出,餐饮,25,
2021年11月26日,支出,餐饮,9.6,
2021年11月26日,支出,美容,222,眼影
2021年11月26日,支出,餐饮,17.5,
2021年11月26日,支出,数码,2.7,
2021年11月26日,支出,数码,8494,卢iPhone 13 pro max
2021年11月27日,支出,交通,12.5,停车
2021年11月27日,支出,餐饮,45.6,
2021年11月27日,支出,大餐,513,蕉叶
2021年11月27日,支出,娱乐,24,车展停车
2021年11月27日,支出,娱乐,47.5,车展
2021年11月29日,支出,交通,22.5,停车
2021年11月29日,支出,餐饮,10.8,
2021年11月29日,支出,餐饮,19.71,
2021年11月30日,支出,交通,7.5,停车
2021年11月30日,支出,餐饮,9.6,
2021年11月30日,支出,餐饮,28,
2021年11月30日,支出,餐饮,11,
2021年11月30日,支出,服饰,222.98,伊芙丽
2021年11月30日,支出,服饰,313.32,伊芙丽
2021年11月30日,收入,二手,70,键盘
2021年12月01日,支出,住房,6229.5,房贷
2021年12月01日,支出,交通,7.5,停车
2021年12月01日,支出,餐饮,5.4,
2021年12月01日,支出,餐饮,28,
2021年12月01日,收入,二手,848,iPhone x
2021年12月01日,支出,餐饮,13,卢
2021年12月02日,支出,交通,7.5,停车
2021年12月02日,支出,餐饮,10.8,
2021年12月02日,支出,餐饮,17.78,
2021年12月02日,支出,餐饮,11.5,
2021年12月02日,支出,餐饮,11,卢
2021年12月02日,支出,娱乐,15,腾讯视频
2021年12月03日,支出,交通,7.5,停车
2021年12月03日,支出,餐饮,8.4,
2021年12月03日,支出,餐饮,24.9,
2021年12月03日,支出,餐饮,11.5,
2021年12月03日,支出,餐饮,38.25,卢
2021年12月03日,支出,餐饮,18,卢
2021年12月03日,支出,餐饮,9,卢
2021年12月04日,支出,餐饮,94.98,叮咚
2021年12月05日,支出,大餐,237,小肥羊
2021年12月05日,支出,交通,30,停车
2021年12月05日,支出,交通,8,停车
2021年12月05日,支出,餐饮,34.19,
2021年12月05日,支出,美容,238,睫毛
2021年12月06日,支出,交通,15,停车
2021年12月06日,支出,餐饮,9.6,
2021年12月06日,支出,餐饮,23.8,
2021年12月06日,支出,餐饮,15,
2021年12月06日,支出,通讯,49.8,
2021年12月07日,支出,餐饮,8.4,
2021年12月07日,支出,交通,7.5,停车
2021年12月07日,支出,餐饮,16.71,
2021年12月07日,支出,餐饮,13.5,
2021年12月07日,支出,餐饮,11,卢
2021年12月08日,支出,交通,7.5,停车
2021年12月08日,支出,餐饮,9.6,
2021年12月08日,支出,餐饮,11.78,
2021年12月08日,支出,餐饮,14,
2021年12月08日,支出,餐饮,62,卢
2021年12月08日,支出,餐饮,22,卢
2021年12月08日,支出,餐饮,9.9,卢
2021年12月08日,支出,餐饮,20.8,卢
2021年12月09日,支出,交通,7.5,停车
2021年12月09日,支出,餐饮,9.6,
2021年12月09日,支出,水电煤气,91.27,电
2021年12月09日,支出,居家,37.55,钢球子
2021年12月09日,支出,餐饮,29,
2021年12月09日,支出,交通,300,油
2021年12月09日,支出,餐饮,19.9,
2021年12月09日,支出,餐饮,35,卢
2021年12月09日,支出,餐饮,30,卢
2021年12月10日,支出,交通,7.5,停车
2021年12月10日,支出,餐饮,8.4,
2021年12月10日,支出,数码,15.9,CtoA
2021年12月10日,支出,餐饮,28.18,
2021年12月10日,收入,工资,16060.23,
2021年12月10日,收入,兼职,10350,
2021年12月10日,支出,社交,250,卢
2021年12月10日,支出,餐饮,10,卢
2021年12月10日,支出,餐饮,29.7,卢
2021年12月11日,支出,交通,7.5,停车
2021年12月11日,支出,餐饮,13,
2021年12月11日,支出,交通,12,停车
2021年12月11日,支出,大餐,146,九尾壶
2021年12月11日,支出,餐饮,30,爸爸糖
2021年12月11日,支出,餐饮,197.35,叮咚
2021年12月11日,支出,交通,7.5,停车
2021年12月11日,支出,快递,13,
2021年12月12日,支出,交通,7.5,停车
2021年12月12日,支出,娱乐,108,bilibili
2021年12月12日,支出,娱乐,13.95,羽毛球拍缠手胶
2021年12月12日,支出,服饰,416.9,匡威
2021年12月12日,支出,餐饮,14.9,菜
2021年12月12日,支出,餐饮,37,乐家
2021年12月13日,支出,交通,15,停车
2021年12月13日,支出,餐饮,6,
2021年12月13日,支出,餐饮,12.88,
2021年12月13日,支出,水电煤气,13.86,水
2021年12月13日,支出,住房,283.62,物业费
2021年12月13日,支出,餐饮,15.5,
2021年12月13日,支出,餐饮,13,卢
2021年12月14日,支出,餐饮,15,
2021年12月14日,支出,交通,7.5,停车
2021年12月14日,支出,餐饮,24.7,
2021年12月14日,支出,餐饮,12,
2021年12月14日,支出,娱乐,48,卢
2021年12月14日,支出,餐饮,125,卢
2021年12月14日,支出,交通,12,打车
2021年12月14日,支出,医疗,810.27,体检
2021年12月15日,支出,交通,7.5,停车
2021年12月15日,支出,餐饮,6,
2021年12月15日,支出,餐饮,21.62,
2021年12月15日,支出,餐饮,15.5,
2021年12月15日,支出,餐饮,16,卢
2021年12月16日,支出,宠物,20.24,剪刀
2021年12月16日,支出,服饰,169.08,睡衣
2021年12月16日,支出,数码,25.18,手机壳
2021年12月16日,支出,服饰,211.89,奶篓子
2021年12月16日,支出,服饰,32.2,袜子
2021年12月16日,支出,水电煤气,55.2,煤气
2021年12月16日,支出,交通,7.5,停车
2021年12月16日,支出,餐饮,24.4,
2021年12月16日,支出,餐饮,13.5,
2021年12月16日,支出,娱乐,12,卢
2021年12月17日,支出,餐饮,9,
2021年12月17日,支出,餐饮,28.5,
2021年12月17日,支出,交通,7.5,停车
2021年12月17日,支出,餐饮,13.5,
2021年12月17日,支出,交通,300,油
2021年12月17日,支出,服饰,662.48,朗姿莱茵
2021年12月17日,支出,居家,39.72,拖布
2021年12月17日,支出,快递,4,
2021年12月17日,支出,快递,4,
2021年12月17日,支出,日常洗护,86.07,李乳液
2021年12月17日,支出,餐饮,16,卢
2021年12月18日,支出,餐饮,3,
2021年12月18日,支出,餐饮,18,
2021年12月18日,支出,社交,916,丁伟东婚礼机票
2021年12月18日,支出,社交,52.97,丁伟东 停车场
2021年12月18日,支出,餐饮,57.07,叮咚买菜
2021年12月18日,支出,交通,7.5,停车
2021年12月19日,支出,份子钱,1000,丁伟东
2021年12月19日,支出,餐饮,97.32,叮咚买菜
2021年12月20日,支出,交通,50,羊城通
2021年12月20日,支出,餐饮,6,
2021年12月20日,支出,交通,7.5,停车
2021年12月20日,支出,餐饮,21.9,
2021年12月20日,收入,工资,2000,
2021年12月20日,支出,餐饮,14,
2021年12月20日,支出,餐饮,31.2,卢
2021年12月20日,支出,餐饮,9,卢
2021年12月21日,支出,餐饮,19.5,
2021年12月21日,支出,交通,7.5,停车
2021年12月21日,支出,餐饮,21,
2021年12月21日,支出,餐饮,56,
2021年12月21日,支出,餐饮,35.2,卢
2021年12月22日,支出,交通,7.5,停车
2021年12月22日,支出,餐饮,10.2,
2021年12月22日,支出,餐饮,19.9,
2021年12月22日,支出,餐饮,13.5,
2021年12月22日,支出,社交,5.5,卢
2021年12月22日,支出,餐饮,43.6,卢
2021年12月23日,支出,餐饮,10.8,
2021年12月23日,支出,交通,7.5,停车
2021年12月23日,支出,汽车,4166.58,车贷
2021年12月23日,支出,餐饮,18.5,面片
2021年12月23日,支出,餐饮,8,
2021年12月23日,支出,餐饮,18.38,
2021年12月23日,支出,餐饮,9.9,
2021年12月23日,支出,餐饮,20,卢
2021年12月23日,支出,娱乐,25.88,Steam
2021年12月23日,支出,餐饮,35,卢
2021年12月23日,支出,餐饮,12.25,卢
2021年12月24日,支出,餐饮,9.6,
2021年12月24日,支出,交通,7.5,停车
2021年12月24日,支出,日常洗护,73.86,李洗面奶
2021年12月24日,支出,餐饮,26.5,
2021年12月24日,支出,餐饮,91,卢
2021年12月25日,支出,餐饮,42,
2021年12月25日,支出,交通,15,停车
2021年12月25日,支出,餐饮,13.34,卢
2021年12月25日,支出,社交,150,硬盘维修
2021年12月26日,支出,交通,15,停车
2021年12月26日,支出,餐饮,112,
2021年12月26日,支出,餐饮,78.71,京东到家
2021年12月27日,收入,二手,28.8,华为音响
2021年12月27日,收入,二手,99,显卡
2021年12月27日,收入,二手,35,衬衫
2021年12月27日,支出,交通,25.51,高速
2021年12月27日,支出,餐饮,21.48,
2021年12月27日,支出,交通,7.5,停车
2021年12月27日,支出,餐饮,10.2,
2021年12月27日,支出,餐饮,14,
2021年12月27日,支出,日用,33.92,牙膏
2021年12月27日,支出,餐饮,60,卢
2021年12月27日,支出,美容,560,粉底
2021年12月27日,支出,大餐,187,烧烤
2021年12月27日,支出,餐饮,17,
2021年12月28日,支出,交通,15,停车
2021年12月28日,支出,交通,1000,油
2021年12月28日,支出,娱乐,27.7,爱情神话
2021年12月28日,支出,大餐,235,小肥羊
2021年12月28日,支出,交通,7.5,停车
2021年12月29日,支出,餐饮,10.2,
2021年12月29日,支出,交通,7.5,停车
2021年12月29日,支出,餐饮,27.9,
2021年12月29日,支出,餐饮,15.5,
2021年12月29日,支出,餐饮,32,卢
2021年12月30日,支出,交通,7.5,停车
2021年12月30日,支出,餐饮,10.2,
2021年12月30日,支出,餐饮,24,
2021年12月31日,支出,餐饮,26.36,
2021年12月31日,支出,餐饮,8,
2021年12月31日,支出,交通,7.5,停车
2021年12月31日,支出,餐饮,27,卢
2021年12月31日,支出,餐饮,14,
2021年12月31日,支出,社交,247,卢
2021年12月31日,支出,餐饮,13,卢